Fl√§che;Rasterpunkt-Koordinaten [m];;;Dicke d
Nr.;X;Y;Z;[mm]
1;0.05;-0.05;-3.18;267.3
2;0.05;-0.15;-3.20;267.3
3;0.05;-0.25;-3.22;265.5
4;0.05;-0.35;-3.25;255.8
5;0.05;-0.45;-3.27;232.3
6;0.05;-0.55;-3.30;210.4
7;0.05;-0.65;-3.32;189.1
8;0.05;-0.75;-3.35;168.7
9;0.05;-0.85;-3.37;149.3
10;0.05;-0.95;-3.40;131.3
11;0.05;-1.05;-3.42;115
12;0.05;-1.15;-3.45;101.3
13;0.05;-1.25;-3.47;90.3
14;0.05;-1.35;-3.50;78.9
15;0.05;-1.45;-3.52;70.6
16;0.05;-1.55;-3.55;67.2
17;0.05;-1.65;-3.57;63.2
18;0.05;-1.75;-3.60;61.3
19;0.05;-1.85;-3.62;60.5
20;0.05;-1.95;-3.64;60.3
21;0.15;-0.05;-3.20;267.3
22;0.15;-0.15;-3.22;265.5
23;0.15;-0.25;-3.25;256.2
24;0.15;-0.35;-3.27;232.9
25;0.15;-0.45;-3.30;210.9
26;0.15;-0.55;-3.32;189.7
27;0.15;-0.65;-3.34;169.5
28;0.15;-0.75;-3.37;150.3
29;0.15;-0.85;-3.39;132.5
30;0.15;-0.95;-3.42;116.3
31;0.15;-1.05;-3.44;102
32;0.15;-1.15;-3.46;90.5
33;0.15;-1.25;-3.49;81.8
34;0.15;-1.35;-3.51;73.8
35;0.15;-1.45;-3.54;69
36;0.15;-1.55;-3.56;64.4
37;0.15;-1.65;-3.59;60.6
38;0.15;-1.75;-3.61;60
39;0.15;-1.85;-3.63;60
40;0.15;-1.95;-3.66;60
41;0.25;-0.05;-3.22;265.5
42;0.25;-0.15;-3.25;256.2
43;0.25;-0.25;-3.27;233.1
44;0.25;-0.35;-3.30;211.2
45;0.25;-0.45;-3.32;189.9
46;0.25;-0.55;-3.34;169.5
47;0.25;-0.65;-3.37;150.4
48;0.25;-0.75;-3.39;132.9
49;0.25;-0.85;-3.41;117
50;0.25;-0.95;-3.44;103.1
51;0.25;-1.05;-3.46;91.3
52;0.25;-1.15;-3.48;81.9
53;0.25;-1.25;-3.51;73.7
54;0.25;-1.35;-3.53;69.3
55;0.25;-1.45;-3.55;66.2
56;0.25;-1.55;-3.58;63.3
57;0.25;-1.65;-3.60;61.2
58;0.25;-1.75;-3.62;60.4
59;0.25;-1.85;-3.65;60
60;0.25;-1.95;-3.67;60
61;0.35;-0.05;-3.25;255.8
62;0.35;-0.15;-3.27;232.9
63;0.35;-0.25;-3.30;211.2
64;0.35;-0.35;-3.32;189.9
65;0.35;-0.45;-3.34;169.6
66;0.35;-0.55;-3.36;150.5
67;0.35;-0.65;-3.39;133
68;0.35;-0.75;-3.41;117.2
69;0.35;-0.85;-3.43;103.5
70;0.35;-0.95;-3.45;91.9
71;0.35;-1.05;-3.48;82.5
72;0.35;-1.15;-3.50;73.9
73;0.35;-1.25;-3.52;69.2
74;0.35;-1.35;-3.55;66.4
75;0.35;-1.45;-3.57;64.7
76;0.35;-1.55;-3.59;62.9
77;0.35;-1.65;-3.61;61.8
78;0.35;-1.75;-3.64;61.2
79;0.35;-1.85;-3.66;60.7
80;0.35;-1.95;-3.68;60.4
81;0.45;-0.05;-3.27;232.3
82;0.45;-0.15;-3.30;210.9
83;0.45;-0.25;-3.32;189.9
84;0.45;-0.35;-3.34;169.6
85;0.45;-0.45;-3.36;150.6
86;0.45;-0.55;-3.39;133.2
87;0.45;-0.65;-3.41;117.5
88;0.45;-0.75;-3.43;103.8
89;0.45;-0.85;-3.45;92.3
90;0.45;-0.95;-3.47;82.8
91;0.45;-1.05;-3.50;74.1
92;0.45;-1.15;-3.52;69.3
93;0.45;-1.25;-3.54;66.2
94;0.45;-1.35;-3.56;64.4
95;0.45;-1.45;-3.58;63.6
96;0.45;-1.55;-3.61;62.7
97;0.45;-1.65;-3.63;61.8
98;0.45;-1.75;-3.65;61.2
99;0.45;-1.85;-3.67;60.6
100;0.45;-1.95;-3.70;60.2
101;0.55;-0.05;-3.30;210.4
102;0.55;-0.15;-3.32;189.7
103;0.55;-0.25;-3.34;169.5
104;0.55;-0.35;-3.36;150.5
105;0.55;-0.45;-3.39;133.2
106;0.55;-0.55;-3.41;117.2
107;0.55;-0.65;-3.43;103.5
108;0.55;-0.75;-3.45;92
109;0.55;-0.85;-3.47;82.7
110;0.55;-0.95;-3.49;74.1
111;0.55;-1.05;-3.51;69.3
112;0.55;-1.15;-3.54;66.3
113;0.55;-1.25;-3.56;64.4
114;0.55;-1.35;-3.58;63.4
115;0.55;-1.45;-3.60;62.9
116;0.55;-1.55;-3.62;62.4
117;0.55;-1.65;-3.64;61.5
118;0.55;-1.75;-3.67;60.8
119;0.55;-1.85;-3.69;60.2
120;0.55;-1.95;-3.71;60
121;0.65;-0.05;-3.32;189.1
122;0.65;-0.15;-3.34;169.5
123;0.65;-0.25;-3.37;150.4
124;0.65;-0.35;-3.39;133
125;0.65;-0.45;-3.41;117.5
126;0.65;-0.55;-3.43;103.5
127;0.65;-0.65;-3.45;92
128;0.65;-0.75;-3.47;82.7
129;0.65;-0.85;-3.49;74.2
130;0.65;-0.95;-3.51;69.5
131;0.65;-1.05;-3.53;66.3
132;0.65;-1.15;-3.55;64.5
133;0.65;-1.25;-3.57;63.3
134;0.65;-1.35;-3.60;62.7
135;0.65;-1.45;-3.62;62.4
136;0.65;-1.55;-3.64;61.9
137;0.65;-1.65;-3.66;61.1
138;0.65;-1.75;-3.68;60.4
139;0.65;-1.85;-3.70;60
140;0.65;-1.95;-3.72;60
141;0.75;-0.05;-3.35;168.7
142;0.75;-0.15;-3.37;150.3
143;0.75;-0.25;-3.39;132.9
144;0.75;-0.35;-3.41;117.2
145;0.75;-0.45;-3.43;103.8
146;0.75;-0.55;-3.45;92
147;0.75;-0.65;-3.47;82.7
148;0.75;-0.75;-3.49;74.5
149;0.75;-0.85;-3.51;69.7
150;0.75;-0.95;-3.53;66.5
151;0.75;-1.05;-3.55;64.5
152;0.75;-1.15;-3.57;63.4
153;0.75;-1.25;-3.59;62.7
154;0.75;-1.35;-3.61;62.1
155;0.75;-1.45;-3.63;61.8
156;0.75;-1.55;-3.65;61.4
157;0.75;-1.65;-3.67;60.6
158;0.75;-1.75;-3.69;60.2
159;0.75;-1.85;-3.71;60
160;0.75;-1.95;-3.73;60
161;0.85;-0.05;-3.37;149.3
162;0.85;-0.15;-3.39;132.5
163;0.85;-0.25;-3.41;117
164;0.85;-0.35;-3.43;103.5
165;0.85;-0.45;-3.45;92.3
166;0.85;-0.55;-3.47;82.7
167;0.85;-0.65;-3.49;74.2
168;0.85;-0.75;-3.51;69.7
169;0.85;-0.85;-3.53;66.4
170;0.85;-0.95;-3.55;64.6
171;0.85;-1.05;-3.57;63.5
172;0.85;-1.15;-3.59;62.8
173;0.85;-1.25;-3.61;62.2
174;0.85;-1.35;-3.63;61.6
175;0.85;-1.45;-3.65;61.3
176;0.85;-1.55;-3.67;60.8
177;0.85;-1.65;-3.69;60.2
178;0.85;-1.75;-3.71;60
179;0.85;-1.85;-3.73;60
180;0.85;-1.95;-3.75;60
181;0.95;-0.05;-3.40;131.3
182;0.95;-0.15;-3.42;116.3
183;0.95;-0.25;-3.44;103.1
184;0.95;-0.35;-3.45;91.9
185;0.95;-0.45;-3.47;82.8
186;0.95;-0.55;-3.49;74.1
187;0.95;-0.65;-3.51;69.5
188;0.95;-0.75;-3.53;66.5
189;0.95;-0.85;-3.55;64.6
190;0.95;-0.95;-3.57;63.5
191;0.95;-1.05;-3.59;62.8
192;0.95;-1.15;-3.61;62.2
193;0.95;-1.25;-3.63;61.7
194;0.95;-1.35;-3.65;61.1
195;0.95;-1.45;-3.66;60.8
196;0.95;-1.55;-3.68;60.3
197;0.95;-1.65;-3.70;60
198;0.95;-1.75;-3.72;60
199;0.95;-1.85;-3.74;60
200;0.95;-1.95;-3.76;60
201;1.05;-0.05;-3.42;115
202;1.05;-0.15;-3.44;102
203;1.05;-0.25;-3.46;91.3
204;1.05;-0.35;-3.48;82.5
205;1.05;-0.45;-3.50;74.1
206;1.05;-0.55;-3.51;69.3
207;1.05;-0.65;-3.53;66.3
208;1.05;-0.75;-3.55;64.5
209;1.05;-0.85;-3.57;63.5
210;1.05;-0.95;-3.59;62.8
211;1.05;-1.05;-3.61;62.1
212;1.05;-1.15;-3.63;61.7
213;1.05;-1.25;-3.64;61.2
214;1.05;-1.35;-3.66;60.7
215;1.05;-1.45;-3.68;60.3
216;1.05;-1.55;-3.70;60
217;1.05;-1.65;-3.72;60
218;1.05;-1.75;-3.74;60
219;1.05;-1.85;-3.75;60
220;1.05;-1.95;-3.77;60
221;1.15;-0.05;-3.45;101.3
222;1.15;-0.15;-3.46;90.5
223;1.15;-0.25;-3.48;81.9
224;1.15;-0.35;-3.50;73.9
225;1.15;-0.45;-3.52;69.3
226;1.15;-0.55;-3.54;66.3
227;1.15;-0.65;-3.55;64.5
228;1.15;-0.75;-3.57;63.4
229;1.15;-0.85;-3.59;62.8
230;1.15;-0.95;-3.61;62.2
231;1.15;-1.05;-3.63;61.7
232;1.15;-1.15;-3.64;61.5
233;1.15;-1.25;-3.66;60.7
234;1.15;-1.35;-3.68;60.2
235;1.15;-1.45;-3.70;60
236;1.15;-1.55;-3.71;60
237;1.15;-1.65;-3.73;60
238;1.15;-1.75;-3.75;60
239;1.15;-1.85;-3.77;60
240;1.15;-1.95;-3.79;60
241;1.25;-0.05;-3.47;90.3
242;1.25;-0.15;-3.49;81.8
243;1.25;-0.25;-3.51;73.7
244;1.25;-0.35;-3.52;69.2
245;1.25;-0.45;-3.54;66.2
246;1.25;-0.55;-3.56;64.4
247;1.25;-0.65;-3.57;63.3
248;1.25;-0.75;-3.59;62.7
249;1.25;-0.85;-3.61;62.2
250;1.25;-0.95;-3.63;61.7
251;1.25;-1.05;-3.64;61.2
252;1.25;-1.15;-3.66;60.7
253;1.25;-1.25;-3.68;60.2
254;1.25;-1.35;-3.70;60
255;1.25;-1.45;-3.71;60
256;1.25;-1.55;-3.73;60
257;1.25;-1.65;-3.75;60
258;1.25;-1.75;-3.76;60
259;1.25;-1.85;-3.78;60
260;1.25;-1.95;-3.80;60
261;1.35;-0.05;-3.50;78.9
262;1.35;-0.15;-3.51;73.8
263;1.35;-0.25;-3.53;69.3
264;1.35;-0.35;-3.55;66.4
265;1.35;-0.45;-3.56;64.4
266;1.35;-0.55;-3.58;63.4
267;1.35;-0.65;-3.60;62.7
268;1.35;-0.75;-3.61;62.1
269;1.35;-0.85;-3.63;61.6
270;1.35;-0.95;-3.65;61.1
271;1.35;-1.05;-3.66;60.7
272;1.35;-1.15;-3.68;60.2
273;1.35;-1.25;-3.70;60
274;1.35;-1.35;-3.71;60
275;1.35;-1.45;-3.73;60
276;1.35;-1.55;-3.74;60
277;1.35;-1.65;-3.76;60
278;1.35;-1.75;-3.78;60
279;1.35;-1.85;-3.79;60
280;1.35;-1.95;-3.81;60
281;1.45;-0.05;-3.52;70.6
282;1.45;-0.15;-3.54;69
283;1.45;-0.25;-3.55;66.2
284;1.45;-0.35;-3.57;64.7
285;1.45;-0.45;-3.58;63.6
286;1.45;-0.55;-3.60;62.9
287;1.45;-0.65;-3.62;62.4
288;1.45;-0.75;-3.63;61.8
289;1.45;-0.85;-3.65;61.3
290;1.45;-0.95;-3.66;60.8
291;1.45;-1.05;-3.68;60.3
292;1.45;-1.15;-3.70;60
293;1.45;-1.25;-3.71;60
294;1.45;-1.35;-3.73;60
295;1.45;-1.45;-3.74;60
296;1.45;-1.55;-3.76;60
297;1.45;-1.65;-3.78;60
298;1.45;-1.75;-3.79;60
299;1.45;-1.85;-3.81;60
300;1.45;-1.95;-3.82;60
301;1.55;-0.05;-3.55;67.2
302;1.55;-0.15;-3.56;64.4
303;1.55;-0.25;-3.58;63.3
304;1.55;-0.35;-3.59;62.9
305;1.55;-0.45;-3.61;62.7
306;1.55;-0.55;-3.62;62.4
307;1.55;-0.65;-3.64;61.9
308;1.55;-0.75;-3.65;61.4
309;1.55;-0.85;-3.67;60.8
310;1.55;-0.95;-3.68;60.3
311;1.55;-1.05;-3.70;60
312;1.55;-1.15;-3.71;60
313;1.55;-1.25;-3.73;60
314;1.55;-1.35;-3.74;60
315;1.55;-1.45;-3.76;60
316;1.55;-1.55;-3.78;60
317;1.55;-1.65;-3.79;60
318;1.55;-1.75;-3.81;60
319;1.55;-1.85;-3.82;60
320;1.55;-1.95;-3.84;60
321;1.65;-0.05;-3.57;63.2
322;1.65;-0.15;-3.59;60.6
323;1.65;-0.25;-3.60;61.2
324;1.65;-0.35;-3.61;61.8
325;1.65;-0.45;-3.63;61.8
326;1.65;-0.55;-3.64;61.5
327;1.65;-0.65;-3.66;61.1
328;1.65;-0.75;-3.67;60.6
329;1.65;-0.85;-3.69;60.2
330;1.65;-0.95;-3.70;60
331;1.65;-1.05;-3.72;60
332;1.65;-1.15;-3.73;60
333;1.65;-1.25;-3.75;60
334;1.65;-1.35;-3.76;60
335;1.65;-1.45;-3.78;60
336;1.65;-1.55;-3.79;60
337;1.65;-1.65;-3.81;60
338;1.65;-1.75;-3.82;60
339;1.65;-1.85;-3.83;60
340;1.65;-1.95;-3.85;60
341;1.75;-0.05;-3.60;61.3
342;1.75;-0.15;-3.61;60
343;1.75;-0.25;-3.62;60.4
344;1.75;-0.35;-3.64;61.2
345;1.75;-0.45;-3.65;61.2
346;1.75;-0.55;-3.67;60.8
347;1.75;-0.65;-3.68;60.4
348;1.75;-0.75;-3.69;60.2
349;1.75;-0.85;-3.71;60
350;1.75;-0.95;-3.72;60
351;1.75;-1.05;-3.74;60
352;1.75;-1.15;-3.75;60
353;1.75;-1.25;-3.76;60
354;1.75;-1.35;-3.78;60
355;1.75;-1.45;-3.79;60
356;1.75;-1.55;-3.81;60
357;1.75;-1.65;-3.82;60
358;1.75;-1.75;-3.83;60
359;1.75;-1.85;-3.85;60
360;1.75;-1.95;-3.86;60
361;1.85;-0.05;-3.62;60.5
362;1.85;-0.15;-3.63;60
363;1.85;-0.25;-3.65;60
364;1.85;-0.35;-3.66;60.7
365;1.85;-0.45;-3.67;60.6
366;1.85;-0.55;-3.69;60.2
367;1.85;-0.65;-3.70;60
368;1.85;-0.75;-3.71;60
369;1.85;-0.85;-3.73;60
370;1.85;-0.95;-3.74;60
371;1.85;-1.05;-3.75;60
372;1.85;-1.15;-3.77;60
373;1.85;-1.25;-3.78;60
374;1.85;-1.35;-3.79;60
375;1.85;-1.45;-3.81;60
376;1.85;-1.55;-3.82;60
377;1.85;-1.65;-3.83;60
378;1.85;-1.75;-3.85;60
379;1.85;-1.85;-3.86;60
380;1.85;-1.95;-3.88;60
381;1.95;-0.05;-3.64;60.3
382;1.95;-0.15;-3.66;60
383;1.95;-0.25;-3.67;60
384;1.95;-0.35;-3.68;60.4
385;1.95;-0.45;-3.70;60.2
386;1.95;-0.55;-3.71;60
387;1.95;-0.65;-3.72;60
388;1.95;-0.75;-3.73;60
389;1.95;-0.85;-3.75;60
390;1.95;-0.95;-3.76;60
391;1.95;-1.05;-3.77;60
392;1.95;-1.15;-3.79;60
393;1.95;-1.25;-3.80;60
394;1.95;-1.35;-3.81;60
395;1.95;-1.45;-3.82;60
396;1.95;-1.55;-3.84;60
397;1.95;-1.65;-3.85;60
398;1.95;-1.75;-3.86;60
399;1.95;-1.85;-3.88;60
400;1.95;-1.95;-3.89;60
401;0.20;-2.20;-3.72;60
402;0.20;-2.60;-3.82;60
403;0.20;-3.00;-3.91;60
404;0.20;-3.40;-4.01;60
405;0.20;-3.80;-4.10;60
406;0.60;-2.20;-3.77;60
407;0.60;-2.60;-3.85;60
408;0.60;-3.00;-3.94;60
409;0.60;-3.40;-4.02;60
410;0.60;-3.80;-4.11;60
411;1.00;-2.20;-3.81;60
412;1.00;-2.60;-3.89;60
413;1.00;-3.00;-3.96;60
414;1.00;-3.40;-4.04;60
415;1.00;-3.80;-4.11;60
416;1.40;-2.20;-3.86;60
417;1.40;-2.60;-3.92;60
418;1.40;-3.00;-3.99;60
419;1.40;-3.40;-4.05;60
420;1.40;-3.80;-4.12;60
421;1.80;-2.20;-3.90;60
422;1.80;-2.60;-3.96;60
423;1.80;-3.00;-4.01;60
424;1.80;-3.40;-4.07;60
425;1.80;-3.80;-4.12;60
426;2.20;-0.20;-3.72;60
427;2.20;-0.60;-3.77;60
428;2.20;-1.00;-3.81;60
429;2.20;-1.40;-3.86;60
430;2.20;-1.80;-3.90;60
431;2.20;-2.20;-3.95;60
432;2.20;-2.60;-3.99;60
433;2.20;-3.00;-4.04;60
434;2.20;-3.40;-4.08;60
435;2.20;-3.80;-4.13;60
436;2.60;-0.20;-3.82;60
437;2.60;-0.60;-3.85;60
438;2.60;-1.00;-3.89;60
439;2.60;-1.40;-3.92;60
440;2.60;-1.80;-3.96;60
441;2.60;-2.20;-3.99;60
442;2.60;-2.60;-4.03;60
443;2.60;-3.00;-4.06;60
444;2.60;-3.40;-4.10;60
445;2.60;-3.80;-4.13;60
446;3.00;-0.20;-3.91;60
447;3.00;-0.60;-3.94;60
448;3.00;-1.00;-3.96;60
449;3.00;-1.40;-3.99;60
450;3.00;-1.80;-4.01;60
451;3.00;-2.20;-4.04;60
452;3.00;-2.60;-4.06;60
453;3.00;-3.00;-4.09;60
454;3.00;-3.40;-4.11;60
455;3.00;-3.80;-4.14;60
456;3.40;-0.20;-4.01;60
457;3.40;-0.60;-4.02;60
458;3.40;-1.00;-4.04;60
459;3.40;-1.40;-4.05;60
460;3.40;-1.80;-4.07;60
461;3.40;-2.20;-4.08;60
462;3.40;-2.60;-4.10;60
463;3.40;-3.00;-4.11;60
464;3.40;-3.40;-4.13;60
465;3.40;-3.80;-4.14;60
466;3.80;-0.20;-4.10;60
467;3.80;-0.60;-4.11;60
468;3.80;-1.00;-4.11;60
469;3.80;-1.40;-4.12;60
470;3.80;-1.80;-4.12;60
471;3.80;-2.20;-4.13;60
472;3.80;-2.60;-4.13;60
473;3.80;-3.00;-4.14;60
474;3.80;-3.40;-4.14;60
475;3.80;-3.80;-4.15;60
476;0.05;0.05;-3.18;267.3
477;0.05;0.15;-3.20;267.3
478;0.05;0.25;-3.22;265.5
479;0.05;0.35;-3.25;255.8
480;0.05;0.45;-3.27;232.3
481;0.05;0.55;-3.30;210.4
482;0.05;0.65;-3.32;189.1
483;0.05;0.75;-3.35;168.7
484;0.05;0.85;-3.37;149.3
485;0.05;0.95;-3.40;131.3
486;0.05;1.05;-3.42;115
487;0.05;1.15;-3.45;101.3
488;0.05;1.25;-3.47;90.3
489;0.05;1.35;-3.50;78.9
490;0.05;1.45;-3.52;70.6
491;0.05;1.55;-3.55;67.2
492;0.05;1.65;-3.57;63.2
493;0.05;1.75;-3.60;61.3
494;0.05;1.85;-3.62;60.5
495;0.05;1.95;-3.64;60.3
496;0.15;0.05;-3.20;267.3
497;0.15;0.15;-3.22;265.5
498;0.15;0.25;-3.25;256.2
499;0.15;0.35;-3.27;232.9
500;0.15;0.45;-3.30;210.9
501;0.15;0.55;-3.32;189.7
502;0.15;0.65;-3.34;169.5
503;0.15;0.75;-3.37;150.3
504;0.15;0.85;-3.39;132.5
505;0.15;0.95;-3.42;116.3
506;0.15;1.05;-3.44;102
507;0.15;1.15;-3.46;90.5
508;0.15;1.25;-3.49;81.8
509;0.15;1.35;-3.51;73.8
510;0.15;1.45;-3.54;69
511;0.15;1.55;-3.56;64.4
512;0.15;1.65;-3.59;60.6
513;0.15;1.75;-3.61;60
514;0.15;1.85;-3.63;60
515;0.15;1.95;-3.66;60
516;0.25;0.05;-3.22;265.5
517;0.25;0.15;-3.25;256.2
518;0.25;0.25;-3.27;233.1
519;0.25;0.35;-3.30;211.2
520;0.25;0.45;-3.32;189.9
521;0.25;0.55;-3.34;169.5
522;0.25;0.65;-3.37;150.4
523;0.25;0.75;-3.39;132.9
524;0.25;0.85;-3.41;117
525;0.25;0.95;-3.44;103.1
526;0.25;1.05;-3.46;91.3
527;0.25;1.15;-3.48;81.9
528;0.25;1.25;-3.51;73.7
529;0.25;1.35;-3.53;69.3
530;0.25;1.45;-3.55;66.2
531;0.25;1.55;-3.58;63.3
532;0.25;1.65;-3.60;61.2
533;0.25;1.75;-3.62;60.4
534;0.25;1.85;-3.65;60
535;0.25;1.95;-3.67;60
536;0.35;0.05;-3.25;255.8
537;0.35;0.15;-3.27;232.9
538;0.35;0.25;-3.30;211.2
539;0.35;0.35;-3.32;189.9
540;0.35;0.45;-3.34;169.6
541;0.35;0.55;-3.36;150.5
542;0.35;0.65;-3.39;133
543;0.35;0.75;-3.41;117.2
544;0.35;0.85;-3.43;103.5
545;0.35;0.95;-3.45;91.9
546;0.35;1.05;-3.48;82.5
547;0.35;1.15;-3.50;73.9
548;0.35;1.25;-3.52;69.2
549;0.35;1.35;-3.55;66.4
550;0.35;1.45;-3.57;64.7
551;0.35;1.55;-3.59;62.9
552;0.35;1.65;-3.61;61.8
553;0.35;1.75;-3.64;61.2
554;0.35;1.85;-3.66;60.7
555;0.35;1.95;-3.68;60.4
556;0.45;0.05;-3.27;232.3
557;0.45;0.15;-3.30;210.9
558;0.45;0.25;-3.32;189.9
559;0.45;0.35;-3.34;169.6
560;0.45;0.45;-3.36;150.6
561;0.45;0.55;-3.39;133.2
562;0.45;0.65;-3.41;117.5
563;0.45;0.75;-3.43;103.8
564;0.45;0.85;-3.45;92.3
565;0.45;0.95;-3.47;82.8
566;0.45;1.05;-3.50;74.1
567;0.45;1.15;-3.52;69.3
568;0.45;1.25;-3.54;66.2
569;0.45;1.35;-3.56;64.4
570;0.45;1.45;-3.58;63.6
571;0.45;1.55;-3.61;62.7
572;0.45;1.65;-3.63;61.8
573;0.45;1.75;-3.65;61.2
574;0.45;1.85;-3.67;60.6
575;0.45;1.95;-3.70;60.2
576;0.55;0.05;-3.30;210.4
577;0.55;0.15;-3.32;189.7
578;0.55;0.25;-3.34;169.5
579;0.55;0.35;-3.36;150.5
580;0.55;0.45;-3.39;133.2
581;0.55;0.55;-3.41;117.2
582;0.55;0.65;-3.43;103.5
583;0.55;0.75;-3.45;92
584;0.55;0.85;-3.47;82.7
585;0.55;0.95;-3.49;74.1
586;0.55;1.05;-3.51;69.3
587;0.55;1.15;-3.54;66.3
588;0.55;1.25;-3.56;64.4
589;0.55;1.35;-3.58;63.4
590;0.55;1.45;-3.60;62.9
591;0.55;1.55;-3.62;62.4
592;0.55;1.65;-3.64;61.5
593;0.55;1.75;-3.67;60.8
594;0.55;1.85;-3.69;60.2
595;0.55;1.95;-3.71;60
596;0.65;0.05;-3.32;189.1
597;0.65;0.15;-3.34;169.5
598;0.65;0.25;-3.37;150.4
599;0.65;0.35;-3.39;133
600;0.65;0.45;-3.41;117.5
601;0.65;0.55;-3.43;103.5
602;0.65;0.65;-3.45;92
603;0.65;0.75;-3.47;82.7
604;0.65;0.85;-3.49;74.2
605;0.65;0.95;-3.51;69.5
606;0.65;1.05;-3.53;66.3
607;0.65;1.15;-3.55;64.5
608;0.65;1.25;-3.57;63.3
609;0.65;1.35;-3.60;62.7
610;0.65;1.45;-3.62;62.4
611;0.65;1.55;-3.64;61.9
612;0.65;1.65;-3.66;61.1
613;0.65;1.75;-3.68;60.4
614;0.65;1.85;-3.70;60
615;0.65;1.95;-3.72;60
616;0.75;0.05;-3.35;168.7
617;0.75;0.15;-3.37;150.3
618;0.75;0.25;-3.39;132.9
619;0.75;0.35;-3.41;117.2
620;0.75;0.45;-3.43;103.8
621;0.75;0.55;-3.45;92
622;0.75;0.65;-3.47;82.7
623;0.75;0.75;-3.49;74.5
624;0.75;0.85;-3.51;69.7
625;0.75;0.95;-3.53;66.5
626;0.75;1.05;-3.55;64.5
627;0.75;1.15;-3.57;63.4
628;0.75;1.25;-3.59;62.7
629;0.75;1.35;-3.61;62.1
630;0.75;1.45;-3.63;61.8
631;0.75;1.55;-3.65;61.4
632;0.75;1.65;-3.67;60.6
633;0.75;1.75;-3.69;60.2
634;0.75;1.85;-3.71;60
635;0.75;1.95;-3.73;60
636;0.85;0.05;-3.37;149.3
637;0.85;0.15;-3.39;132.5
638;0.85;0.25;-3.41;117
639;0.85;0.35;-3.43;103.5
640;0.85;0.45;-3.45;92.3
641;0.85;0.55;-3.47;82.7
642;0.85;0.65;-3.49;74.2
643;0.85;0.75;-3.51;69.7
644;0.85;0.85;-3.53;66.4
645;0.85;0.95;-3.55;64.6
646;0.85;1.05;-3.57;63.5
647;0.85;1.15;-3.59;62.8
648;0.85;1.25;-3.61;62.2
649;0.85;1.35;-3.63;61.6
650;0.85;1.45;-3.65;61.3
651;0.85;1.55;-3.67;60.8
652;0.85;1.65;-3.69;60.2
653;0.85;1.75;-3.71;60
654;0.85;1.85;-3.73;60
655;0.85;1.95;-3.75;60
656;0.95;0.05;-3.40;131.3
657;0.95;0.15;-3.42;116.3
658;0.95;0.25;-3.44;103.1
659;0.95;0.35;-3.45;91.9
660;0.95;0.45;-3.47;82.8
661;0.95;0.55;-3.49;74.1
662;0.95;0.65;-3.51;69.5
663;0.95;0.75;-3.53;66.5
664;0.95;0.85;-3.55;64.6
665;0.95;0.95;-3.57;63.5
666;0.95;1.05;-3.59;62.8
667;0.95;1.15;-3.61;62.2
668;0.95;1.25;-3.63;61.7
669;0.95;1.35;-3.65;61.1
670;0.95;1.45;-3.66;60.8
671;0.95;1.55;-3.68;60.3
672;0.95;1.65;-3.70;60
673;0.95;1.75;-3.72;60
674;0.95;1.85;-3.74;60
675;0.95;1.95;-3.76;60
676;1.05;0.05;-3.42;115
677;1.05;0.15;-3.44;102
678;1.05;0.25;-3.46;91.3
679;1.05;0.35;-3.48;82.5
680;1.05;0.45;-3.50;74.1
681;1.05;0.55;-3.51;69.3
682;1.05;0.65;-3.53;66.3
683;1.05;0.75;-3.55;64.5
684;1.05;0.85;-3.57;63.5
685;1.05;0.95;-3.59;62.8
686;1.05;1.05;-3.61;62.1
687;1.05;1.15;-3.63;61.7
688;1.05;1.25;-3.64;61.2
689;1.05;1.35;-3.66;60.7
690;1.05;1.45;-3.68;60.3
691;1.05;1.55;-3.70;60
692;1.05;1.65;-3.72;60
693;1.05;1.75;-3.74;60
694;1.05;1.85;-3.75;60
695;1.05;1.95;-3.77;60
696;1.15;0.05;-3.45;101.3
697;1.15;0.15;-3.46;90.5
698;1.15;0.25;-3.48;81.9
699;1.15;0.35;-3.50;73.9
700;1.15;0.45;-3.52;69.3
701;1.15;0.55;-3.54;66.3
702;1.15;0.65;-3.55;64.5
703;1.15;0.75;-3.57;63.4
704;1.15;0.85;-3.59;62.8
705;1.15;0.95;-3.61;62.2
706;1.15;1.05;-3.63;61.7
707;1.15;1.15;-3.64;61.5
708;1.15;1.25;-3.66;60.7
709;1.15;1.35;-3.68;60.2
710;1.15;1.45;-3.70;60
711;1.15;1.55;-3.71;60
712;1.15;1.65;-3.73;60
713;1.15;1.75;-3.75;60
714;1.15;1.85;-3.77;60
715;1.15;1.95;-3.79;60
716;1.25;0.05;-3.47;90.3
717;1.25;0.15;-3.49;81.8
718;1.25;0.25;-3.51;73.7
719;1.25;0.35;-3.52;69.2
720;1.25;0.45;-3.54;66.2
721;1.25;0.55;-3.56;64.4
722;1.25;0.65;-3.57;63.3
723;1.25;0.75;-3.59;62.7
724;1.25;0.85;-3.61;62.2
725;1.25;0.95;-3.63;61.7
726;1.25;1.05;-3.64;61.2
727;1.25;1.15;-3.66;60.7
728;1.25;1.25;-3.68;60.2
729;1.25;1.35;-3.70;60
730;1.25;1.45;-3.71;60
731;1.25;1.55;-3.73;60
732;1.25;1.65;-3.75;60
733;1.25;1.75;-3.76;60
734;1.25;1.85;-3.78;60
735;1.25;1.95;-3.80;60
736;1.35;0.05;-3.50;78.9
737;1.35;0.15;-3.51;73.8
738;1.35;0.25;-3.53;69.3
739;1.35;0.35;-3.55;66.4
740;1.35;0.45;-3.56;64.4
741;1.35;0.55;-3.58;63.4
742;1.35;0.65;-3.60;62.7
743;1.35;0.75;-3.61;62.1
744;1.35;0.85;-3.63;61.6
745;1.35;0.95;-3.65;61.1
746;1.35;1.05;-3.66;60.7
747;1.35;1.15;-3.68;60.2
748;1.35;1.25;-3.70;60
749;1.35;1.35;-3.71;60
750;1.35;1.45;-3.73;60
751;1.35;1.55;-3.74;60
752;1.35;1.65;-3.76;60
753;1.35;1.75;-3.78;60
754;1.35;1.85;-3.79;60
755;1.35;1.95;-3.81;60
756;1.45;0.05;-3.52;70.6
757;1.45;0.15;-3.54;69
758;1.45;0.25;-3.55;66.2
759;1.45;0.35;-3.57;64.7
760;1.45;0.45;-3.58;63.6
761;1.45;0.55;-3.60;62.9
762;1.45;0.65;-3.62;62.4
763;1.45;0.75;-3.63;61.8
764;1.45;0.85;-3.65;61.3
765;1.45;0.95;-3.66;60.8
766;1.45;1.05;-3.68;60.3
767;1.45;1.15;-3.70;60
768;1.45;1.25;-3.71;60
769;1.45;1.35;-3.73;60
770;1.45;1.45;-3.74;60
771;1.45;1.55;-3.76;60
772;1.45;1.65;-3.78;60
773;1.45;1.75;-3.79;60
774;1.45;1.85;-3.81;60
775;1.45;1.95;-3.82;60
776;1.55;0.05;-3.55;67.2
777;1.55;0.15;-3.56;64.4
778;1.55;0.25;-3.58;63.3
779;1.55;0.35;-3.59;62.9
780;1.55;0.45;-3.61;62.7
781;1.55;0.55;-3.62;62.4
782;1.55;0.65;-3.64;61.9
783;1.55;0.75;-3.65;61.4
784;1.55;0.85;-3.67;60.8
785;1.55;0.95;-3.68;60.3
786;1.55;1.05;-3.70;60
787;1.55;1.15;-3.71;60
788;1.55;1.25;-3.73;60
789;1.55;1.35;-3.74;60
790;1.55;1.45;-3.76;60
791;1.55;1.55;-3.78;60
792;1.55;1.65;-3.79;60
793;1.55;1.75;-3.81;60
794;1.55;1.85;-3.82;60
795;1.55;1.95;-3.84;60
796;1.65;0.05;-3.57;63.2
797;1.65;0.15;-3.59;60.6
798;1.65;0.25;-3.60;61.2
799;1.65;0.35;-3.61;61.8
800;1.65;0.45;-3.63;61.8
801;1.65;0.55;-3.64;61.5
802;1.65;0.65;-3.66;61.1
803;1.65;0.75;-3.67;60.6
804;1.65;0.85;-3.69;60.2
805;1.65;0.95;-3.70;60
806;1.65;1.05;-3.72;60
807;1.65;1.15;-3.73;60
808;1.65;1.25;-3.75;60
809;1.65;1.35;-3.76;60
810;1.65;1.45;-3.78;60
811;1.65;1.55;-3.79;60
812;1.65;1.65;-3.81;60
813;1.65;1.75;-3.82;60
814;1.65;1.85;-3.83;60
815;1.65;1.95;-3.85;60
816;1.75;0.05;-3.60;61.3
817;1.75;0.15;-3.61;60
818;1.75;0.25;-3.62;60.4
819;1.75;0.35;-3.64;61.2
820;1.75;0.45;-3.65;61.2
821;1.75;0.55;-3.67;60.8
822;1.75;0.65;-3.68;60.4
823;1.75;0.75;-3.69;60.2
824;1.75;0.85;-3.71;60
825;1.75;0.95;-3.72;60
826;1.75;1.05;-3.74;60
827;1.75;1.15;-3.75;60
828;1.75;1.25;-3.76;60
829;1.75;1.35;-3.78;60
830;1.75;1.45;-3.79;60
831;1.75;1.55;-3.81;60
832;1.75;1.65;-3.82;60
833;1.75;1.75;-3.83;60
834;1.75;1.85;-3.85;60
835;1.75;1.95;-3.86;60
836;1.85;0.05;-3.62;60.5
837;1.85;0.15;-3.63;60
838;1.85;0.25;-3.65;60
839;1.85;0.35;-3.66;60.7
840;1.85;0.45;-3.67;60.6
841;1.85;0.55;-3.69;60.2
842;1.85;0.65;-3.70;60
843;1.85;0.75;-3.71;60
844;1.85;0.85;-3.73;60
845;1.85;0.95;-3.74;60
846;1.85;1.05;-3.75;60
847;1.85;1.15;-3.77;60
848;1.85;1.25;-3.78;60
849;1.85;1.35;-3.79;60
850;1.85;1.45;-3.81;60
851;1.85;1.55;-3.82;60
852;1.85;1.65;-3.83;60
853;1.85;1.75;-3.85;60
854;1.85;1.85;-3.86;60
855;1.85;1.95;-3.88;60
856;1.95;0.05;-3.64;60.3
857;1.95;0.15;-3.66;60
858;1.95;0.25;-3.67;60
859;1.95;0.35;-3.68;60.4
860;1.95;0.45;-3.70;60.2
861;1.95;0.55;-3.71;60
862;1.95;0.65;-3.72;60
863;1.95;0.75;-3.73;60
864;1.95;0.85;-3.75;60
865;1.95;0.95;-3.76;60
866;1.95;1.05;-3.77;60
867;1.95;1.15;-3.79;60
868;1.95;1.25;-3.80;60
869;1.95;1.35;-3.81;60
870;1.95;1.45;-3.82;60
871;1.95;1.55;-3.84;60
872;1.95;1.65;-3.85;60
873;1.95;1.75;-3.86;60
874;1.95;1.85;-3.88;60
875;1.95;1.95;-3.89;60
876;0.20;2.20;-3.72;60
877;0.20;2.60;-3.82;60
878;0.20;3.00;-3.91;60
879;0.20;3.40;-4.01;60
880;0.20;3.80;-4.10;60
881;0.60;2.20;-3.77;60
882;0.60;2.60;-3.85;60
883;0.60;3.00;-3.94;60
884;0.60;3.40;-4.02;60
885;0.60;3.80;-4.11;60
886;1.00;2.20;-3.81;60
887;1.00;2.60;-3.89;60
888;1.00;3.00;-3.96;60
889;1.00;3.40;-4.04;60
890;1.00;3.80;-4.11;60
891;1.40;2.20;-3.86;60
892;1.40;2.60;-3.92;60
893;1.40;3.00;-3.99;60
894;1.40;3.40;-4.05;60
895;1.40;3.80;-4.12;60
896;1.80;2.20;-3.90;60
897;1.80;2.60;-3.96;60
898;1.80;3.00;-4.01;60
899;1.80;3.40;-4.07;60
900;1.80;3.80;-4.12;60
901;2.20;0.20;-3.72;60
902;2.20;0.60;-3.77;60
903;2.20;1.00;-3.81;60
904;2.20;1.40;-3.86;60
905;2.20;1.80;-3.90;60
906;2.20;2.20;-3.95;60
907;2.20;2.60;-3.99;60
908;2.20;3.00;-4.04;60
909;2.20;3.40;-4.08;60
910;2.20;3.80;-4.13;60
911;2.60;0.20;-3.82;60
912;2.60;0.60;-3.85;60
913;2.60;1.00;-3.89;60
914;2.60;1.40;-3.92;60
915;2.60;1.80;-3.96;60
916;2.60;2.20;-3.99;60
917;2.60;2.60;-4.03;60
918;2.60;3.00;-4.06;60
919;2.60;3.40;-4.10;60
920;2.60;3.80;-4.13;60
921;3.00;0.20;-3.91;60
922;3.00;0.60;-3.94;60
923;3.00;1.00;-3.96;60
924;3.00;1.40;-3.99;60
925;3.00;1.80;-4.01;60
926;3.00;2.20;-4.04;60
927;3.00;2.60;-4.06;60
928;3.00;3.00;-4.09;60
929;3.00;3.40;-4.11;60
930;3.00;3.80;-4.14;60
931;3.40;0.20;-4.01;60
932;3.40;0.60;-4.02;60
933;3.40;1.00;-4.04;60
934;3.40;1.40;-4.05;60
935;3.40;1.80;-4.07;60
936;3.40;2.20;-4.08;60
937;3.40;2.60;-4.10;60
938;3.40;3.00;-4.11;60
939;3.40;3.40;-4.13;60
940;3.40;3.80;-4.14;60
941;3.80;0.20;-4.10;60
942;3.80;0.60;-4.11;60
943;3.80;1.00;-4.11;60
944;3.80;1.40;-4.12;60
945;3.80;1.80;-4.12;60
946;3.80;2.20;-4.13;60
947;3.80;2.60;-4.13;60
948;3.80;3.00;-4.14;60
949;3.80;3.40;-4.14;60
950;3.80;3.80;-4.15;60
951;-0.05;-0.05;-3.18;267.3
952;-0.05;-0.15;-3.20;267.3
953;-0.05;-0.25;-3.22;265.5
954;-0.05;-0.35;-3.25;255.8
955;-0.05;-0.45;-3.27;232.3
956;-0.05;-0.55;-3.30;210.4
957;-0.05;-0.65;-3.32;189.1
958;-0.05;-0.75;-3.35;168.7
959;-0.05;-0.85;-3.37;149.3
960;-0.05;-0.95;-3.40;131.3
961;-0.05;-1.05;-3.42;115
962;-0.05;-1.15;-3.45;101.3
963;-0.05;-1.25;-3.47;90.3
964;-0.05;-1.35;-3.50;78.9
965;-0.05;-1.45;-3.52;70.6
966;-0.05;-1.55;-3.55;67.2
967;-0.05;-1.65;-3.57;63.2
968;-0.05;-1.75;-3.60;61.3
969;-0.05;-1.85;-3.62;60.5
970;-0.05;-1.95;-3.64;60.3
971;-0.15;-0.05;-3.20;267.3
972;-0.15;-0.15;-3.22;265.5
973;-0.15;-0.25;-3.25;256.2
974;-0.15;-0.35;-3.27;232.9
975;-0.15;-0.45;-3.30;210.9
976;-0.15;-0.55;-3.32;189.7
977;-0.15;-0.65;-3.34;169.5
978;-0.15;-0.75;-3.37;150.3
979;-0.15;-0.85;-3.39;132.5
980;-0.15;-0.95;-3.42;116.3
981;-0.15;-1.05;-3.44;102
982;-0.15;-1.15;-3.46;90.5
983;-0.15;-1.25;-3.49;81.8
984;-0.15;-1.35;-3.51;73.8
985;-0.15;-1.45;-3.54;69
986;-0.15;-1.55;-3.56;64.4
987;-0.15;-1.65;-3.59;60.6
988;-0.15;-1.75;-3.61;60
989;-0.15;-1.85;-3.63;60
990;-0.15;-1.95;-3.66;60
991;-0.25;-0.05;-3.22;265.5
992;-0.25;-0.15;-3.25;256.2
993;-0.25;-0.25;-3.27;233.1
994;-0.25;-0.35;-3.30;211.2
995;-0.25;-0.45;-3.32;189.9
996;-0.25;-0.55;-3.34;169.5
997;-0.25;-0.65;-3.37;150.4
998;-0.25;-0.75;-3.39;132.9
999;-0.25;-0.85;-3.41;117
1000;-0.25;-0.95;-3.44;103.1
1001;-0.25;-1.05;-3.46;91.3
1002;-0.25;-1.15;-3.48;81.9
1003;-0.25;-1.25;-3.51;73.7
1004;-0.25;-1.35;-3.53;69.3
1005;-0.25;-1.45;-3.55;66.2
1006;-0.25;-1.55;-3.58;63.3
1007;-0.25;-1.65;-3.60;61.2
1008;-0.25;-1.75;-3.62;60.4
1009;-0.25;-1.85;-3.65;60
1010;-0.25;-1.95;-3.67;60
1011;-0.35;-0.05;-3.25;255.8
1012;-0.35;-0.15;-3.27;232.9
1013;-0.35;-0.25;-3.30;211.2
1014;-0.35;-0.35;-3.32;189.9
1015;-0.35;-0.45;-3.34;169.6
1016;-0.35;-0.55;-3.36;150.5
1017;-0.35;-0.65;-3.39;133
1018;-0.35;-0.75;-3.41;117.2
1019;-0.35;-0.85;-3.43;103.5
1020;-0.35;-0.95;-3.45;91.9
1021;-0.35;-1.05;-3.48;82.5
1022;-0.35;-1.15;-3.50;73.9
1023;-0.35;-1.25;-3.52;69.2
1024;-0.35;-1.35;-3.55;66.4
1025;-0.35;-1.45;-3.57;64.7
1026;-0.35;-1.55;-3.59;62.9
1027;-0.35;-1.65;-3.61;61.8
1028;-0.35;-1.75;-3.64;61.2
1029;-0.35;-1.85;-3.66;60.7
1030;-0.35;-1.95;-3.68;60.4
1031;-0.45;-0.05;-3.27;232.3
1032;-0.45;-0.15;-3.30;210.9
1033;-0.45;-0.25;-3.32;189.9
1034;-0.45;-0.35;-3.34;169.6
1035;-0.45;-0.45;-3.36;150.6
1036;-0.45;-0.55;-3.39;133.2
1037;-0.45;-0.65;-3.41;117.5
1038;-0.45;-0.75;-3.43;103.8
1039;-0.45;-0.85;-3.45;92.3
1040;-0.45;-0.95;-3.47;82.8
1041;-0.45;-1.05;-3.50;74.1
1042;-0.45;-1.15;-3.52;69.3
1043;-0.45;-1.25;-3.54;66.2
1044;-0.45;-1.35;-3.56;64.4
1045;-0.45;-1.45;-3.58;63.6
1046;-0.45;-1.55;-3.61;62.7
1047;-0.45;-1.65;-3.63;61.8
1048;-0.45;-1.75;-3.65;61.2
1049;-0.45;-1.85;-3.67;60.6
1050;-0.45;-1.95;-3.70;60.2
1051;-0.55;-0.05;-3.30;210.4
1052;-0.55;-0.15;-3.32;189.7
1053;-0.55;-0.25;-3.34;169.5
1054;-0.55;-0.35;-3.36;150.5
1055;-0.55;-0.45;-3.39;133.2
1056;-0.55;-0.55;-3.41;117.2
1057;-0.55;-0.65;-3.43;103.5
1058;-0.55;-0.75;-3.45;92
1059;-0.55;-0.85;-3.47;82.7
1060;-0.55;-0.95;-3.49;74.1
1061;-0.55;-1.05;-3.51;69.3
1062;-0.55;-1.15;-3.54;66.3
1063;-0.55;-1.25;-3.56;64.4
1064;-0.55;-1.35;-3.58;63.4
1065;-0.55;-1.45;-3.60;62.9
1066;-0.55;-1.55;-3.62;62.4
1067;-0.55;-1.65;-3.64;61.5
1068;-0.55;-1.75;-3.67;60.8
1069;-0.55;-1.85;-3.69;60.2
1070;-0.55;-1.95;-3.71;60
1071;-0.65;-0.05;-3.32;189.1
1072;-0.65;-0.15;-3.34;169.5
1073;-0.65;-0.25;-3.37;150.4
1074;-0.65;-0.35;-3.39;133
1075;-0.65;-0.45;-3.41;117.5
1076;-0.65;-0.55;-3.43;103.5
1077;-0.65;-0.65;-3.45;92
1078;-0.65;-0.75;-3.47;82.7
1079;-0.65;-0.85;-3.49;74.2
1080;-0.65;-0.95;-3.51;69.5
1081;-0.65;-1.05;-3.53;66.3
1082;-0.65;-1.15;-3.55;64.5
1083;-0.65;-1.25;-3.57;63.3
1084;-0.65;-1.35;-3.60;62.7
1085;-0.65;-1.45;-3.62;62.4
1086;-0.65;-1.55;-3.64;61.9
1087;-0.65;-1.65;-3.66;61.1
1088;-0.65;-1.75;-3.68;60.4
1089;-0.65;-1.85;-3.70;60
1090;-0.65;-1.95;-3.72;60
1091;-0.75;-0.05;-3.35;168.7
1092;-0.75;-0.15;-3.37;150.3
1093;-0.75;-0.25;-3.39;132.9
1094;-0.75;-0.35;-3.41;117.2
1095;-0.75;-0.45;-3.43;103.8
1096;-0.75;-0.55;-3.45;92
1097;-0.75;-0.65;-3.47;82.7
1098;-0.75;-0.75;-3.49;74.5
1099;-0.75;-0.85;-3.51;69.7
1100;-0.75;-0.95;-3.53;66.5
1101;-0.75;-1.05;-3.55;64.5
1102;-0.75;-1.15;-3.57;63.4
1103;-0.75;-1.25;-3.59;62.7
1104;-0.75;-1.35;-3.61;62.1
1105;-0.75;-1.45;-3.63;61.8
1106;-0.75;-1.55;-3.65;61.4
1107;-0.75;-1.65;-3.67;60.6
1108;-0.75;-1.75;-3.69;60.2
1109;-0.75;-1.85;-3.71;60
1110;-0.75;-1.95;-3.73;60
1111;-0.85;-0.05;-3.37;149.3
1112;-0.85;-0.15;-3.39;132.5
1113;-0.85;-0.25;-3.41;117
1114;-0.85;-0.35;-3.43;103.5
1115;-0.85;-0.45;-3.45;92.3
1116;-0.85;-0.55;-3.47;82.7
1117;-0.85;-0.65;-3.49;74.2
1118;-0.85;-0.75;-3.51;69.7
1119;-0.85;-0.85;-3.53;66.4
1120;-0.85;-0.95;-3.55;64.6
1121;-0.85;-1.05;-3.57;63.5
1122;-0.85;-1.15;-3.59;62.8
1123;-0.85;-1.25;-3.61;62.2
1124;-0.85;-1.35;-3.63;61.6
1125;-0.85;-1.45;-3.65;61.3
1126;-0.85;-1.55;-3.67;60.8
1127;-0.85;-1.65;-3.69;60.2
1128;-0.85;-1.75;-3.71;60
1129;-0.85;-1.85;-3.73;60
1130;-0.85;-1.95;-3.75;60
1131;-0.95;-0.05;-3.40;131.3
1132;-0.95;-0.15;-3.42;116.3
1133;-0.95;-0.25;-3.44;103.1
1134;-0.95;-0.35;-3.45;91.9
1135;-0.95;-0.45;-3.47;82.8
1136;-0.95;-0.55;-3.49;74.1
1137;-0.95;-0.65;-3.51;69.5
1138;-0.95;-0.75;-3.53;66.5
1139;-0.95;-0.85;-3.55;64.6
1140;-0.95;-0.95;-3.57;63.5
1141;-0.95;-1.05;-3.59;62.8
1142;-0.95;-1.15;-3.61;62.2
1143;-0.95;-1.25;-3.63;61.7
1144;-0.95;-1.35;-3.65;61.1
1145;-0.95;-1.45;-3.66;60.8
1146;-0.95;-1.55;-3.68;60.3
1147;-0.95;-1.65;-3.70;60
1148;-0.95;-1.75;-3.72;60
1149;-0.95;-1.85;-3.74;60
1150;-0.95;-1.95;-3.76;60
1151;-1.05;-0.05;-3.42;115
1152;-1.05;-0.15;-3.44;102
1153;-1.05;-0.25;-3.46;91.3
1154;-1.05;-0.35;-3.48;82.5
1155;-1.05;-0.45;-3.50;74.1
1156;-1.05;-0.55;-3.51;69.3
1157;-1.05;-0.65;-3.53;66.3
1158;-1.05;-0.75;-3.55;64.5
1159;-1.05;-0.85;-3.57;63.5
1160;-1.05;-0.95;-3.59;62.8
1161;-1.05;-1.05;-3.61;62.1
1162;-1.05;-1.15;-3.63;61.7
1163;-1.05;-1.25;-3.64;61.2
1164;-1.05;-1.35;-3.66;60.7
1165;-1.05;-1.45;-3.68;60.3
1166;-1.05;-1.55;-3.70;60
1167;-1.05;-1.65;-3.72;60
1168;-1.05;-1.75;-3.74;60
1169;-1.05;-1.85;-3.75;60
1170;-1.05;-1.95;-3.77;60
1171;-1.15;-0.05;-3.45;101.3
1172;-1.15;-0.15;-3.46;90.5
1173;-1.15;-0.25;-3.48;81.9
1174;-1.15;-0.35;-3.50;73.9
1175;-1.15;-0.45;-3.52;69.3
1176;-1.15;-0.55;-3.54;66.3
1177;-1.15;-0.65;-3.55;64.5
1178;-1.15;-0.75;-3.57;63.4
1179;-1.15;-0.85;-3.59;62.8
1180;-1.15;-0.95;-3.61;62.2
1181;-1.15;-1.05;-3.63;61.7
1182;-1.15;-1.15;-3.64;61.5
1183;-1.15;-1.25;-3.66;60.7
1184;-1.15;-1.35;-3.68;60.2
1185;-1.15;-1.45;-3.70;60
1186;-1.15;-1.55;-3.71;60
1187;-1.15;-1.65;-3.73;60
1188;-1.15;-1.75;-3.75;60
1189;-1.15;-1.85;-3.77;60
1190;-1.15;-1.95;-3.79;60
1191;-1.25;-0.05;-3.47;90.3
1192;-1.25;-0.15;-3.49;81.8
1193;-1.25;-0.25;-3.51;73.7
1194;-1.25;-0.35;-3.52;69.2
1195;-1.25;-0.45;-3.54;66.2
1196;-1.25;-0.55;-3.56;64.4
1197;-1.25;-0.65;-3.57;63.3
1198;-1.25;-0.75;-3.59;62.7
1199;-1.25;-0.85;-3.61;62.2
1200;-1.25;-0.95;-3.63;61.7
1201;-1.25;-1.05;-3.64;61.2
1202;-1.25;-1.15;-3.66;60.7
1203;-1.25;-1.25;-3.68;60.2
1204;-1.25;-1.35;-3.70;60
1205;-1.25;-1.45;-3.71;60
1206;-1.25;-1.55;-3.73;60
1207;-1.25;-1.65;-3.75;60
1208;-1.25;-1.75;-3.76;60
1209;-1.25;-1.85;-3.78;60
1210;-1.25;-1.95;-3.80;60
1211;-1.35;-0.05;-3.50;78.9
1212;-1.35;-0.15;-3.51;73.8
1213;-1.35;-0.25;-3.53;69.3
1214;-1.35;-0.35;-3.55;66.4
1215;-1.35;-0.45;-3.56;64.4
1216;-1.35;-0.55;-3.58;63.4
1217;-1.35;-0.65;-3.60;62.7
1218;-1.35;-0.75;-3.61;62.1
1219;-1.35;-0.85;-3.63;61.6
1220;-1.35;-0.95;-3.65;61.1
1221;-1.35;-1.05;-3.66;60.7
1222;-1.35;-1.15;-3.68;60.2
1223;-1.35;-1.25;-3.70;60
1224;-1.35;-1.35;-3.71;60
1225;-1.35;-1.45;-3.73;60
1226;-1.35;-1.55;-3.74;60
1227;-1.35;-1.65;-3.76;60
1228;-1.35;-1.75;-3.78;60
1229;-1.35;-1.85;-3.79;60
1230;-1.35;-1.95;-3.81;60
1231;-1.45;-0.05;-3.52;70.6
1232;-1.45;-0.15;-3.54;69
1233;-1.45;-0.25;-3.55;66.2
1234;-1.45;-0.35;-3.57;64.7
1235;-1.45;-0.45;-3.58;63.6
1236;-1.45;-0.55;-3.60;62.9
1237;-1.45;-0.65;-3.62;62.4
1238;-1.45;-0.75;-3.63;61.8
1239;-1.45;-0.85;-3.65;61.3
1240;-1.45;-0.95;-3.66;60.8
1241;-1.45;-1.05;-3.68;60.3
1242;-1.45;-1.15;-3.70;60
1243;-1.45;-1.25;-3.71;60
1244;-1.45;-1.35;-3.73;60
1245;-1.45;-1.45;-3.74;60
1246;-1.45;-1.55;-3.76;60
1247;-1.45;-1.65;-3.78;60
1248;-1.45;-1.75;-3.79;60
1249;-1.45;-1.85;-3.81;60
1250;-1.45;-1.95;-3.82;60
1251;-1.55;-0.05;-3.55;67.2
1252;-1.55;-0.15;-3.56;64.4
1253;-1.55;-0.25;-3.58;63.3
1254;-1.55;-0.35;-3.59;62.9
1255;-1.55;-0.45;-3.61;62.7
1256;-1.55;-0.55;-3.62;62.4
1257;-1.55;-0.65;-3.64;61.9
1258;-1.55;-0.75;-3.65;61.4
1259;-1.55;-0.85;-3.67;60.8
1260;-1.55;-0.95;-3.68;60.3
1261;-1.55;-1.05;-3.70;60
1262;-1.55;-1.15;-3.71;60
1263;-1.55;-1.25;-3.73;60
1264;-1.55;-1.35;-3.74;60
1265;-1.55;-1.45;-3.76;60
1266;-1.55;-1.55;-3.78;60
1267;-1.55;-1.65;-3.79;60
1268;-1.55;-1.75;-3.81;60
1269;-1.55;-1.85;-3.82;60
1270;-1.55;-1.95;-3.84;60
1271;-1.65;-0.05;-3.57;63.2
1272;-1.65;-0.15;-3.59;60.6
1273;-1.65;-0.25;-3.60;61.2
1274;-1.65;-0.35;-3.61;61.8
1275;-1.65;-0.45;-3.63;61.8
1276;-1.65;-0.55;-3.64;61.5
1277;-1.65;-0.65;-3.66;61.1
1278;-1.65;-0.75;-3.67;60.6
1279;-1.65;-0.85;-3.69;60.2
1280;-1.65;-0.95;-3.70;60
1281;-1.65;-1.05;-3.72;60
1282;-1.65;-1.15;-3.73;60
1283;-1.65;-1.25;-3.75;60
1284;-1.65;-1.35;-3.76;60
1285;-1.65;-1.45;-3.78;60
1286;-1.65;-1.55;-3.79;60
1287;-1.65;-1.65;-3.81;60
1288;-1.65;-1.75;-3.82;60
1289;-1.65;-1.85;-3.83;60
1290;-1.65;-1.95;-3.85;60
1291;-1.75;-0.05;-3.60;61.3
1292;-1.75;-0.15;-3.61;60
1293;-1.75;-0.25;-3.62;60.4
1294;-1.75;-0.35;-3.64;61.2
1295;-1.75;-0.45;-3.65;61.2
1296;-1.75;-0.55;-3.67;60.8
1297;-1.75;-0.65;-3.68;60.4
1298;-1.75;-0.75;-3.69;60.2
1299;-1.75;-0.85;-3.71;60
1300;-1.75;-0.95;-3.72;60
1301;-1.75;-1.05;-3.74;60
1302;-1.75;-1.15;-3.75;60
1303;-1.75;-1.25;-3.76;60
1304;-1.75;-1.35;-3.78;60
1305;-1.75;-1.45;-3.79;60
1306;-1.75;-1.55;-3.81;60
1307;-1.75;-1.65;-3.82;60
1308;-1.75;-1.75;-3.83;60
1309;-1.75;-1.85;-3.85;60
1310;-1.75;-1.95;-3.86;60
1311;-1.85;-0.05;-3.62;60.5
1312;-1.85;-0.15;-3.63;60
1313;-1.85;-0.25;-3.65;60
1314;-1.85;-0.35;-3.66;60.7
1315;-1.85;-0.45;-3.67;60.6
1316;-1.85;-0.55;-3.69;60.2
1317;-1.85;-0.65;-3.70;60
1318;-1.85;-0.75;-3.71;60
1319;-1.85;-0.85;-3.73;60
1320;-1.85;-0.95;-3.74;60
1321;-1.85;-1.05;-3.75;60
1322;-1.85;-1.15;-3.77;60
1323;-1.85;-1.25;-3.78;60
1324;-1.85;-1.35;-3.79;60
1325;-1.85;-1.45;-3.81;60
1326;-1.85;-1.55;-3.82;60
1327;-1.85;-1.65;-3.83;60
1328;-1.85;-1.75;-3.85;60
1329;-1.85;-1.85;-3.86;60
1330;-1.85;-1.95;-3.88;60
1331;-1.95;-0.05;-3.64;60.3
1332;-1.95;-0.15;-3.66;60
1333;-1.95;-0.25;-3.67;60
1334;-1.95;-0.35;-3.68;60.4
1335;-1.95;-0.45;-3.70;60.2
1336;-1.95;-0.55;-3.71;60
1337;-1.95;-0.65;-3.72;60
1338;-1.95;-0.75;-3.73;60
1339;-1.95;-0.85;-3.75;60
1340;-1.95;-0.95;-3.76;60
1341;-1.95;-1.05;-3.77;60
1342;-1.95;-1.15;-3.79;60
1343;-1.95;-1.25;-3.80;60
1344;-1.95;-1.35;-3.81;60
1345;-1.95;-1.45;-3.82;60
1346;-1.95;-1.55;-3.84;60
1347;-1.95;-1.65;-3.85;60
1348;-1.95;-1.75;-3.86;60
1349;-1.95;-1.85;-3.88;60
1350;-1.95;-1.95;-3.89;60
1351;-0.20;-2.20;-3.72;60
1352;-0.20;-2.60;-3.82;60
1353;-0.20;-3.00;-3.91;60
1354;-0.20;-3.40;-4.01;60
1355;-0.20;-3.80;-4.10;60
1356;-0.60;-2.20;-3.77;60
1357;-0.60;-2.60;-3.85;60
1358;-0.60;-3.00;-3.94;60
1359;-0.60;-3.40;-4.02;60
1360;-0.60;-3.80;-4.11;60
1361;-1.00;-2.20;-3.81;60
1362;-1.00;-2.60;-3.89;60
1363;-1.00;-3.00;-3.96;60
1364;-1.00;-3.40;-4.04;60
1365;-1.00;-3.80;-4.11;60
1366;-1.40;-2.20;-3.86;60
1367;-1.40;-2.60;-3.92;60
1368;-1.40;-3.00;-3.99;60
1369;-1.40;-3.40;-4.05;60
1370;-1.40;-3.80;-4.12;60
1371;-1.80;-2.20;-3.90;60
1372;-1.80;-2.60;-3.96;60
1373;-1.80;-3.00;-4.01;60
1374;-1.80;-3.40;-4.07;60
1375;-1.80;-3.80;-4.12;60
1376;-2.20;-0.20;-3.72;60
1377;-2.20;-0.60;-3.77;60
1378;-2.20;-1.00;-3.81;60
1379;-2.20;-1.40;-3.86;60
1380;-2.20;-1.80;-3.90;60
1381;-2.20;-2.20;-3.95;60
1382;-2.20;-2.60;-3.99;60
1383;-2.20;-3.00;-4.04;60
1384;-2.20;-3.40;-4.08;60
1385;-2.20;-3.80;-4.13;60
1386;-2.60;-0.20;-3.82;60
1387;-2.60;-0.60;-3.85;60
1388;-2.60;-1.00;-3.89;60
1389;-2.60;-1.40;-3.92;60
1390;-2.60;-1.80;-3.96;60
1391;-2.60;-2.20;-3.99;60
1392;-2.60;-2.60;-4.03;60
1393;-2.60;-3.00;-4.06;60
1394;-2.60;-3.40;-4.10;60
1395;-2.60;-3.80;-4.13;60
1396;-3.00;-0.20;-3.91;60
1397;-3.00;-0.60;-3.94;60
1398;-3.00;-1.00;-3.96;60
1399;-3.00;-1.40;-3.99;60
1400;-3.00;-1.80;-4.01;60
1401;-3.00;-2.20;-4.04;60
1402;-3.00;-2.60;-4.06;60
1403;-3.00;-3.00;-4.09;60
1404;-3.00;-3.40;-4.11;60
1405;-3.00;-3.80;-4.14;60
1406;-3.40;-0.20;-4.01;60
1407;-3.40;-0.60;-4.02;60
1408;-3.40;-1.00;-4.04;60
1409;-3.40;-1.40;-4.05;60
1410;-3.40;-1.80;-4.07;60
1411;-3.40;-2.20;-4.08;60
1412;-3.40;-2.60;-4.10;60
1413;-3.40;-3.00;-4.11;60
1414;-3.40;-3.40;-4.13;60
1415;-3.40;-3.80;-4.14;60
1416;-3.80;-0.20;-4.10;60
1417;-3.80;-0.60;-4.11;60
1418;-3.80;-1.00;-4.11;60
1419;-3.80;-1.40;-4.12;60
1420;-3.80;-1.80;-4.12;60
1421;-3.80;-2.20;-4.13;60
1422;-3.80;-2.60;-4.13;60
1423;-3.80;-3.00;-4.14;60
1424;-3.80;-3.40;-4.14;60
1425;-3.80;-3.80;-4.15;60
1426;-0.05;0.05;-3.18;267.3
1427;-0.05;0.15;-3.20;267.3
1428;-0.05;0.25;-3.22;265.5
1429;-0.05;0.35;-3.25;255.8
1430;-0.05;0.45;-3.27;232.3
1431;-0.05;0.55;-3.30;210.4
1432;-0.05;0.65;-3.32;189.1
1433;-0.05;0.75;-3.35;168.7
1434;-0.05;0.85;-3.37;149.3
1435;-0.05;0.95;-3.40;131.3
1436;-0.05;1.05;-3.42;115
1437;-0.05;1.15;-3.45;101.3
1438;-0.05;1.25;-3.47;90.3
1439;-0.05;1.35;-3.50;78.9
1440;-0.05;1.45;-3.52;70.6
1441;-0.05;1.55;-3.55;67.2
1442;-0.05;1.65;-3.57;63.2
1443;-0.05;1.75;-3.60;61.3
1444;-0.05;1.85;-3.62;60.5
1445;-0.05;1.95;-3.64;60.3
1446;-0.15;0.05;-3.20;267.3
1447;-0.15;0.15;-3.22;265.5
1448;-0.15;0.25;-3.25;256.2
1449;-0.15;0.35;-3.27;232.9
1450;-0.15;0.45;-3.30;210.9
1451;-0.15;0.55;-3.32;189.7
1452;-0.15;0.65;-3.34;169.5
1453;-0.15;0.75;-3.37;150.3
1454;-0.15;0.85;-3.39;132.5
1455;-0.15;0.95;-3.42;116.3
1456;-0.15;1.05;-3.44;102
1457;-0.15;1.15;-3.46;90.5
1458;-0.15;1.25;-3.49;81.8
1459;-0.15;1.35;-3.51;73.8
1460;-0.15;1.45;-3.54;69
1461;-0.15;1.55;-3.56;64.4
1462;-0.15;1.65;-3.59;60.6
1463;-0.15;1.75;-3.61;60
1464;-0.15;1.85;-3.63;60
1465;-0.15;1.95;-3.66;60
1466;-0.25;0.05;-3.22;265.5
1467;-0.25;0.15;-3.25;256.2
1468;-0.25;0.25;-3.27;233.1
1469;-0.25;0.35;-3.30;211.2
1470;-0.25;0.45;-3.32;189.9
1471;-0.25;0.55;-3.34;169.5
1472;-0.25;0.65;-3.37;150.4
1473;-0.25;0.75;-3.39;132.9
1474;-0.25;0.85;-3.41;117
1475;-0.25;0.95;-3.44;103.1
1476;-0.25;1.05;-3.46;91.3
1477;-0.25;1.15;-3.48;81.9
1478;-0.25;1.25;-3.51;73.7
1479;-0.25;1.35;-3.53;69.3
1480;-0.25;1.45;-3.55;66.2
1481;-0.25;1.55;-3.58;63.3
1482;-0.25;1.65;-3.60;61.2
1483;-0.25;1.75;-3.62;60.4
1484;-0.25;1.85;-3.65;60
1485;-0.25;1.95;-3.67;60
1486;-0.35;0.05;-3.25;255.8
1487;-0.35;0.15;-3.27;232.9
1488;-0.35;0.25;-3.30;211.2
1489;-0.35;0.35;-3.32;189.9
1490;-0.35;0.45;-3.34;169.6
1491;-0.35;0.55;-3.36;150.5
1492;-0.35;0.65;-3.39;133
1493;-0.35;0.75;-3.41;117.2
1494;-0.35;0.85;-3.43;103.5
1495;-0.35;0.95;-3.45;91.9
1496;-0.35;1.05;-3.48;82.5
1497;-0.35;1.15;-3.50;73.9
1498;-0.35;1.25;-3.52;69.2
1499;-0.35;1.35;-3.55;66.4
1500;-0.35;1.45;-3.57;64.7
1501;-0.35;1.55;-3.59;62.9
1502;-0.35;1.65;-3.61;61.8
1503;-0.35;1.75;-3.64;61.2
1504;-0.35;1.85;-3.66;60.7
1505;-0.35;1.95;-3.68;60.4
1506;-0.45;0.05;-3.27;232.3
1507;-0.45;0.15;-3.30;210.9
1508;-0.45;0.25;-3.32;189.9
1509;-0.45;0.35;-3.34;169.6
1510;-0.45;0.45;-3.36;150.6
1511;-0.45;0.55;-3.39;133.2
1512;-0.45;0.65;-3.41;117.5
1513;-0.45;0.75;-3.43;103.8
1514;-0.45;0.85;-3.45;92.3
1515;-0.45;0.95;-3.47;82.8
1516;-0.45;1.05;-3.50;74.1
1517;-0.45;1.15;-3.52;69.3
1518;-0.45;1.25;-3.54;66.2
1519;-0.45;1.35;-3.56;64.4
1520;-0.45;1.45;-3.58;63.6
1521;-0.45;1.55;-3.61;62.7
1522;-0.45;1.65;-3.63;61.8
1523;-0.45;1.75;-3.65;61.2
1524;-0.45;1.85;-3.67;60.6
1525;-0.45;1.95;-3.70;60.2
1526;-0.55;0.05;-3.30;210.4
1527;-0.55;0.15;-3.32;189.7
1528;-0.55;0.25;-3.34;169.5
1529;-0.55;0.35;-3.36;150.5
1530;-0.55;0.45;-3.39;133.2
1531;-0.55;0.55;-3.41;117.2
1532;-0.55;0.65;-3.43;103.5
1533;-0.55;0.75;-3.45;92
1534;-0.55;0.85;-3.47;82.7
1535;-0.55;0.95;-3.49;74.1
1536;-0.55;1.05;-3.51;69.3
1537;-0.55;1.15;-3.54;66.3
1538;-0.55;1.25;-3.56;64.4
1539;-0.55;1.35;-3.58;63.4
1540;-0.55;1.45;-3.60;62.9
1541;-0.55;1.55;-3.62;62.4
1542;-0.55;1.65;-3.64;61.5
1543;-0.55;1.75;-3.67;60.8
1544;-0.55;1.85;-3.69;60.2
1545;-0.55;1.95;-3.71;60
1546;-0.65;0.05;-3.32;189.1
1547;-0.65;0.15;-3.34;169.5
1548;-0.65;0.25;-3.37;150.4
1549;-0.65;0.35;-3.39;133
1550;-0.65;0.45;-3.41;117.5
1551;-0.65;0.55;-3.43;103.5
1552;-0.65;0.65;-3.45;92
1553;-0.65;0.75;-3.47;82.7
1554;-0.65;0.85;-3.49;74.2
1555;-0.65;0.95;-3.51;69.5
1556;-0.65;1.05;-3.53;66.3
1557;-0.65;1.15;-3.55;64.5
1558;-0.65;1.25;-3.57;63.3
1559;-0.65;1.35;-3.60;62.7
1560;-0.65;1.45;-3.62;62.4
1561;-0.65;1.55;-3.64;61.9
1562;-0.65;1.65;-3.66;61.1
1563;-0.65;1.75;-3.68;60.4
1564;-0.65;1.85;-3.70;60
1565;-0.65;1.95;-3.72;60
1566;-0.75;0.05;-3.35;168.7
1567;-0.75;0.15;-3.37;150.3
1568;-0.75;0.25;-3.39;132.9
1569;-0.75;0.35;-3.41;117.2
1570;-0.75;0.45;-3.43;103.8
1571;-0.75;0.55;-3.45;92
1572;-0.75;0.65;-3.47;82.7
1573;-0.75;0.75;-3.49;74.5
1574;-0.75;0.85;-3.51;69.7
1575;-0.75;0.95;-3.53;66.5
1576;-0.75;1.05;-3.55;64.5
1577;-0.75;1.15;-3.57;63.4
1578;-0.75;1.25;-3.59;62.7
1579;-0.75;1.35;-3.61;62.1
1580;-0.75;1.45;-3.63;61.8
1581;-0.75;1.55;-3.65;61.4
1582;-0.75;1.65;-3.67;60.6
1583;-0.75;1.75;-3.69;60.2
1584;-0.75;1.85;-3.71;60
1585;-0.75;1.95;-3.73;60
1586;-0.85;0.05;-3.37;149.3
1587;-0.85;0.15;-3.39;132.5
1588;-0.85;0.25;-3.41;117
1589;-0.85;0.35;-3.43;103.5
1590;-0.85;0.45;-3.45;92.3
1591;-0.85;0.55;-3.47;82.7
1592;-0.85;0.65;-3.49;74.2
1593;-0.85;0.75;-3.51;69.7
1594;-0.85;0.85;-3.53;66.4
1595;-0.85;0.95;-3.55;64.6
1596;-0.85;1.05;-3.57;63.5
1597;-0.85;1.15;-3.59;62.8
1598;-0.85;1.25;-3.61;62.2
1599;-0.85;1.35;-3.63;61.6
1600;-0.85;1.45;-3.65;61.3
1601;-0.85;1.55;-3.67;60.8
1602;-0.85;1.65;-3.69;60.2
1603;-0.85;1.75;-3.71;60
1604;-0.85;1.85;-3.73;60
1605;-0.85;1.95;-3.75;60
1606;-0.95;0.05;-3.40;131.3
1607;-0.95;0.15;-3.42;116.3
1608;-0.95;0.25;-3.44;103.1
1609;-0.95;0.35;-3.45;91.9
1610;-0.95;0.45;-3.47;82.8
1611;-0.95;0.55;-3.49;74.1
1612;-0.95;0.65;-3.51;69.5
1613;-0.95;0.75;-3.53;66.5
1614;-0.95;0.85;-3.55;64.6
1615;-0.95;0.95;-3.57;63.5
1616;-0.95;1.05;-3.59;62.8
1617;-0.95;1.15;-3.61;62.2
1618;-0.95;1.25;-3.63;61.7
1619;-0.95;1.35;-3.65;61.1
1620;-0.95;1.45;-3.66;60.8
1621;-0.95;1.55;-3.68;60.3
1622;-0.95;1.65;-3.70;60
1623;-0.95;1.75;-3.72;60
1624;-0.95;1.85;-3.74;60
1625;-0.95;1.95;-3.76;60
1626;-1.05;0.05;-3.42;115
1627;-1.05;0.15;-3.44;102
1628;-1.05;0.25;-3.46;91.3
1629;-1.05;0.35;-3.48;82.5
1630;-1.05;0.45;-3.50;74.1
1631;-1.05;0.55;-3.51;69.3
1632;-1.05;0.65;-3.53;66.3
1633;-1.05;0.75;-3.55;64.5
1634;-1.05;0.85;-3.57;63.5
1635;-1.05;0.95;-3.59;62.8
1636;-1.05;1.05;-3.61;62.1
1637;-1.05;1.15;-3.63;61.7
1638;-1.05;1.25;-3.64;61.2
1639;-1.05;1.35;-3.66;60.7
1640;-1.05;1.45;-3.68;60.3
1641;-1.05;1.55;-3.70;60
1642;-1.05;1.65;-3.72;60
1643;-1.05;1.75;-3.74;60
1644;-1.05;1.85;-3.75;60
1645;-1.05;1.95;-3.77;60
1646;-1.15;0.05;-3.45;101.3
1647;-1.15;0.15;-3.46;90.5
1648;-1.15;0.25;-3.48;81.9
1649;-1.15;0.35;-3.50;73.9
1650;-1.15;0.45;-3.52;69.3
1651;-1.15;0.55;-3.54;66.3
1652;-1.15;0.65;-3.55;64.5
1653;-1.15;0.75;-3.57;63.4
1654;-1.15;0.85;-3.59;62.8
1655;-1.15;0.95;-3.61;62.2
1656;-1.15;1.05;-3.63;61.7
1657;-1.15;1.15;-3.64;61.5
1658;-1.15;1.25;-3.66;60.7
1659;-1.15;1.35;-3.68;60.2
1660;-1.15;1.45;-3.70;60
1661;-1.15;1.55;-3.71;60
1662;-1.15;1.65;-3.73;60
1663;-1.15;1.75;-3.75;60
1664;-1.15;1.85;-3.77;60
1665;-1.15;1.95;-3.79;60
1666;-1.25;0.05;-3.47;90.3
1667;-1.25;0.15;-3.49;81.8
1668;-1.25;0.25;-3.51;73.7
1669;-1.25;0.35;-3.52;69.2
1670;-1.25;0.45;-3.54;66.2
1671;-1.25;0.55;-3.56;64.4
1672;-1.25;0.65;-3.57;63.3
1673;-1.25;0.75;-3.59;62.7
1674;-1.25;0.85;-3.61;62.2
1675;-1.25;0.95;-3.63;61.7
1676;-1.25;1.05;-3.64;61.2
1677;-1.25;1.15;-3.66;60.7
1678;-1.25;1.25;-3.68;60.2
1679;-1.25;1.35;-3.70;60
1680;-1.25;1.45;-3.71;60
1681;-1.25;1.55;-3.73;60
1682;-1.25;1.65;-3.75;60
1683;-1.25;1.75;-3.76;60
1684;-1.25;1.85;-3.78;60
1685;-1.25;1.95;-3.80;60
1686;-1.35;0.05;-3.50;78.9
1687;-1.35;0.15;-3.51;73.8
1688;-1.35;0.25;-3.53;69.3
1689;-1.35;0.35;-3.55;66.4
1690;-1.35;0.45;-3.56;64.4
1691;-1.35;0.55;-3.58;63.4
1692;-1.35;0.65;-3.60;62.7
1693;-1.35;0.75;-3.61;62.1
1694;-1.35;0.85;-3.63;61.6
1695;-1.35;0.95;-3.65;61.1
1696;-1.35;1.05;-3.66;60.7
1697;-1.35;1.15;-3.68;60.2
1698;-1.35;1.25;-3.70;60
1699;-1.35;1.35;-3.71;60
1700;-1.35;1.45;-3.73;60
1701;-1.35;1.55;-3.74;60
1702;-1.35;1.65;-3.76;60
1703;-1.35;1.75;-3.78;60
1704;-1.35;1.85;-3.79;60
1705;-1.35;1.95;-3.81;60
1706;-1.45;0.05;-3.52;70.6
1707;-1.45;0.15;-3.54;69
1708;-1.45;0.25;-3.55;66.2
1709;-1.45;0.35;-3.57;64.7
1710;-1.45;0.45;-3.58;63.6
1711;-1.45;0.55;-3.60;62.9
1712;-1.45;0.65;-3.62;62.4
1713;-1.45;0.75;-3.63;61.8
1714;-1.45;0.85;-3.65;61.3
1715;-1.45;0.95;-3.66;60.8
1716;-1.45;1.05;-3.68;60.3
1717;-1.45;1.15;-3.70;60
1718;-1.45;1.25;-3.71;60
1719;-1.45;1.35;-3.73;60
1720;-1.45;1.45;-3.74;60
1721;-1.45;1.55;-3.76;60
1722;-1.45;1.65;-3.78;60
1723;-1.45;1.75;-3.79;60
1724;-1.45;1.85;-3.81;60
1725;-1.45;1.95;-3.82;60
1726;-1.55;0.05;-3.55;67.2
1727;-1.55;0.15;-3.56;64.4
1728;-1.55;0.25;-3.58;63.3
1729;-1.55;0.35;-3.59;62.9
1730;-1.55;0.45;-3.61;62.7
1731;-1.55;0.55;-3.62;62.4
1732;-1.55;0.65;-3.64;61.9
1733;-1.55;0.75;-3.65;61.4
1734;-1.55;0.85;-3.67;60.8
1735;-1.55;0.95;-3.68;60.3
1736;-1.55;1.05;-3.70;60
1737;-1.55;1.15;-3.71;60
1738;-1.55;1.25;-3.73;60
1739;-1.55;1.35;-3.74;60
1740;-1.55;1.45;-3.76;60
1741;-1.55;1.55;-3.78;60
1742;-1.55;1.65;-3.79;60
1743;-1.55;1.75;-3.81;60
1744;-1.55;1.85;-3.82;60
1745;-1.55;1.95;-3.84;60
1746;-1.65;0.05;-3.57;63.2
1747;-1.65;0.15;-3.59;60.6
1748;-1.65;0.25;-3.60;61.2
1749;-1.65;0.35;-3.61;61.8
1750;-1.65;0.45;-3.63;61.8
1751;-1.65;0.55;-3.64;61.5
1752;-1.65;0.65;-3.66;61.1
1753;-1.65;0.75;-3.67;60.6
1754;-1.65;0.85;-3.69;60.2
1755;-1.65;0.95;-3.70;60
1756;-1.65;1.05;-3.72;60
1757;-1.65;1.15;-3.73;60
1758;-1.65;1.25;-3.75;60
1759;-1.65;1.35;-3.76;60
1760;-1.65;1.45;-3.78;60
1761;-1.65;1.55;-3.79;60
1762;-1.65;1.65;-3.81;60
1763;-1.65;1.75;-3.82;60
1764;-1.65;1.85;-3.83;60
1765;-1.65;1.95;-3.85;60
1766;-1.75;0.05;-3.60;61.3
1767;-1.75;0.15;-3.61;60
1768;-1.75;0.25;-3.62;60.4
1769;-1.75;0.35;-3.64;61.2
1770;-1.75;0.45;-3.65;61.2
1771;-1.75;0.55;-3.67;60.8
1772;-1.75;0.65;-3.68;60.4
1773;-1.75;0.75;-3.69;60.2
1774;-1.75;0.85;-3.71;60
1775;-1.75;0.95;-3.72;60
1776;-1.75;1.05;-3.74;60
1777;-1.75;1.15;-3.75;60
1778;-1.75;1.25;-3.76;60
1779;-1.75;1.35;-3.78;60
1780;-1.75;1.45;-3.79;60
1781;-1.75;1.55;-3.81;60
1782;-1.75;1.65;-3.82;60
1783;-1.75;1.75;-3.83;60
1784;-1.75;1.85;-3.85;60
1785;-1.75;1.95;-3.86;60
1786;-1.85;0.05;-3.62;60.5
1787;-1.85;0.15;-3.63;60
1788;-1.85;0.25;-3.65;60
1789;-1.85;0.35;-3.66;60.7
1790;-1.85;0.45;-3.67;60.6
1791;-1.85;0.55;-3.69;60.2
1792;-1.85;0.65;-3.70;60
1793;-1.85;0.75;-3.71;60
1794;-1.85;0.85;-3.73;60
1795;-1.85;0.95;-3.74;60
1796;-1.85;1.05;-3.75;60
1797;-1.85;1.15;-3.77;60
1798;-1.85;1.25;-3.78;60
1799;-1.85;1.35;-3.79;60
1800;-1.85;1.45;-3.81;60
1801;-1.85;1.55;-3.82;60
1802;-1.85;1.65;-3.83;60
1803;-1.85;1.75;-3.85;60
1804;-1.85;1.85;-3.86;60
1805;-1.85;1.95;-3.88;60
1806;-1.95;0.05;-3.64;60.3
1807;-1.95;0.15;-3.66;60
1808;-1.95;0.25;-3.67;60
1809;-1.95;0.35;-3.68;60.4
1810;-1.95;0.45;-3.70;60.2
1811;-1.95;0.55;-3.71;60
1812;-1.95;0.65;-3.72;60
1813;-1.95;0.75;-3.73;60
1814;-1.95;0.85;-3.75;60
1815;-1.95;0.95;-3.76;60
1816;-1.95;1.05;-3.77;60
1817;-1.95;1.15;-3.79;60
1818;-1.95;1.25;-3.80;60
1819;-1.95;1.35;-3.81;60
1820;-1.95;1.45;-3.82;60
1821;-1.95;1.55;-3.84;60
1822;-1.95;1.65;-3.85;60
1823;-1.95;1.75;-3.86;60
1824;-1.95;1.85;-3.88;60
1825;-1.95;1.95;-3.89;60
1826;-0.20;2.20;-3.72;60
1827;-0.20;2.60;-3.82;60
1828;-0.20;3.00;-3.91;60
1829;-0.20;3.40;-4.01;60
1830;-0.20;3.80;-4.10;60
1831;-0.60;2.20;-3.77;60
1832;-0.60;2.60;-3.85;60
1833;-0.60;3.00;-3.94;60
1834;-0.60;3.40;-4.02;60
1835;-0.60;3.80;-4.11;60
1836;-1.00;2.20;-3.81;60
1837;-1.00;2.60;-3.89;60
1838;-1.00;3.00;-3.96;60
1839;-1.00;3.40;-4.04;60
1840;-1.00;3.80;-4.11;60
1841;-1.40;2.20;-3.86;60
1842;-1.40;2.60;-3.92;60
1843;-1.40;3.00;-3.99;60
1844;-1.40;3.40;-4.05;60
1845;-1.40;3.80;-4.12;60
1846;-1.80;2.20;-3.90;60
1847;-1.80;2.60;-3.96;60
1848;-1.80;3.00;-4.01;60
1849;-1.80;3.40;-4.07;60
1850;-1.80;3.80;-4.12;60
1851;-2.20;0.20;-3.72;60
1852;-2.20;0.60;-3.77;60
1853;-2.20;1.00;-3.81;60
1854;-2.20;1.40;-3.86;60
1855;-2.20;1.80;-3.90;60
1856;-2.20;2.20;-3.95;60
1857;-2.20;2.60;-3.99;60
1858;-2.20;3.00;-4.04;60
1859;-2.20;3.40;-4.08;60
1860;-2.20;3.80;-4.13;60
1861;-2.60;0.20;-3.82;60
1862;-2.60;0.60;-3.85;60
1863;-2.60;1.00;-3.89;60
1864;-2.60;1.40;-3.92;60
1865;-2.60;1.80;-3.96;60
1866;-2.60;2.20;-3.99;60
1867;-2.60;2.60;-4.03;60
1868;-2.60;3.00;-4.06;60
1869;-2.60;3.40;-4.10;60
1870;-2.60;3.80;-4.13;60
1871;-3.00;0.20;-3.91;60
1872;-3.00;0.60;-3.94;60
1873;-3.00;1.00;-3.96;60
1874;-3.00;1.40;-3.99;60
1875;-3.00;1.80;-4.01;60
1876;-3.00;2.20;-4.04;60
1877;-3.00;2.60;-4.06;60
1878;-3.00;3.00;-4.09;60
1879;-3.00;3.40;-4.11;60
1880;-3.00;3.80;-4.14;60
1881;-3.40;0.20;-4.01;60
1882;-3.40;0.60;-4.02;60
1883;-3.40;1.00;-4.04;60
1884;-3.40;1.40;-4.05;60
1885;-3.40;1.80;-4.07;60
1886;-3.40;2.20;-4.08;60
1887;-3.40;2.60;-4.10;60
1888;-3.40;3.00;-4.11;60
1889;-3.40;3.40;-4.13;60
1890;-3.40;3.80;-4.14;60
1891;-3.80;0.20;-4.10;60
1892;-3.80;0.60;-4.11;60
1893;-3.80;1.00;-4.11;60
1894;-3.80;1.40;-4.12;60
1895;-3.80;1.80;-4.12;60
1896;-3.80;2.20;-4.13;60
1897;-3.80;2.60;-4.13;60
1898;-3.80;3.00;-4.14;60
1899;-3.80;3.40;-4.14;60
1900;-3.80;3.80;-4.15;60
