node_number;x[m];y[m];z[m]
1.0;0.0;0.0;-0
2.0;0.0;-0.1;0.00294246953527
3.0;0.0;-0.2;0.00159755083449
4.0;0.0;-0.3;-0.00365332543829
5.0;0.0;-0.4;-0.0125422410227
6.0;0.0;-0.5;-0.0247284770395
7.0;0.0;-0.6;-0.039287527994
8.0;0.0;-0.7;-0.0547181425848
9.0;0.0;-0.8;-0.070056423916
10.0;0.0;-0.9;-0.0856553869078
11.0;0.0;-1.0;-0.102399258395
12.0;0.0;-1.1;-0.120565117645
13.0;0.0;-1.2;-0.13982058268
14.0;0.0;-1.3;-0.160051466063
15.0;0.0;-1.4;-0.181665182222
16.0;0.0;-1.5;-0.205035596235
17.0;0.0;-1.6;-0.230085479471
18.0;0.0;-1.7;-0.256386314886
19.0;0.0;-1.8;-0.283357680752
20.0;0.0;-1.9;-0.310461293958
21.0;0.0;-2.0;-0.337426586962
22.0;0.1;0.0;0.00294246953546
23.0;0.1;-0.1;0.00202823304171
24.0;0.1;-0.2;-0.00281060612467
25.0;0.1;-0.3;-0.0111353020042
26.0;0.1;-0.4;-0.0223031056398
27.0;0.1;-0.5;-0.0354726982762
28.0;0.1;-0.6;-0.0498541372206
29.0;0.1;-0.7;-0.064890158634
30.0;0.1;-0.8;-0.0803757689014
31.0;0.1;-0.9;-0.0965121959086
32.0;0.1;-1.0;-0.113685500351
33.0;0.1;-1.1;-0.132135658807
34.0;0.1;-1.2;-0.151896400954
35.0;0.1;-1.3;-0.173021154961
36.0;0.1;-1.4;-0.195684503308
37.0;0.1;-1.5;-0.219927906248
38.0;0.1;-1.6;-0.245416743847
39.0;0.1;-1.7;-0.271592975782
40.0;0.1;-1.8;-0.297991880867
41.0;0.1;-1.9;-0.324366633988
42.0;0.1;-2.0;-0.35064676299
43.0;0.2;0.0;0.00159755083404
44.0;0.2;-0.1;-0.00281060612487
45.0;0.2;-0.2;-0.0106900065663
46.0;0.2;-0.3;-0.0214574420145
47.0;0.2;-0.4;-0.034185074829
48.0;0.2;-0.5;-0.0477138924529
49.0;0.2;-0.6;-0.0615154042037
50.0;0.2;-0.7;-0.0760079422832
51.0;0.2;-0.8;-0.0916756360557
52.0;0.2;-0.9;-0.108451311342
53.0;0.2;-1.0;-0.126149410788
54.0;0.2;-1.1;-0.14497990465
55.0;0.2;-1.2;-0.165364504671
56.0;0.2;-1.3;-0.187465396476
57.0;0.2;-1.4;-0.211111344162
58.0;0.2;-1.5;-0.235980404996
59.0;0.2;-1.6;-0.261561990683
60.0;0.2;-1.7;-0.287286613492
61.0;0.2;-1.8;-0.312883811337
62.0;0.2;-1.9;-0.338415244385
63.0;0.2;-2.0;-0.363974648394
64.0;0.3;0.0;-0.00365332543967
65.0;0.3;-0.1;-0.0111353020052
66.0;0.3;-0.2;-0.0214574420147
67.0;0.3;-0.3;-0.0335616074247
68.0;0.3;-0.4;-0.0465996908617
69.0;0.3;-0.5;-0.0599889340054
70.0;0.3;-0.6;-0.073695089328
71.0;0.3;-0.7;-0.0882646600694
72.0;0.3;-0.8;-0.104166831012
73.0;0.3;-0.9;-0.121359010434
74.0;0.3;-1.0;-0.139672276789
75.0;0.3;-1.1;-0.159290487767
76.0;0.3;-1.2;-0.180579118888
77.0;0.3;-1.3;-0.203552713996
78.0;0.3;-1.4;-0.227769100657
79.0;0.3;-1.5;-0.252683899497
80.0;0.3;-1.6;-0.277826447626
81.0;0.3;-1.7;-0.302852756076
82.0;0.3;-1.8;-0.327683692664
83.0;0.3;-1.9;-0.352467043878
84.0;0.3;-2.0;-0.377320703068
85.0;0.4;0.0;-0.0125422410249
86.0;0.4;-0.1;-0.022303105641
87.0;0.4;-0.2;-0.0341850748291
88.0;0.4;-0.3;-0.0465996908614
89.0;0.4;-0.4;-0.0590920163986
90.0;0.4;-0.5;-0.0721960044268
91.0;0.4;-0.6;-0.0863866864192
92.0;0.4;-0.7;-0.101648136038
93.0;0.4;-0.8;-0.117932255354
94.0;0.4;-0.9;-0.135460907648
95.0;0.4;-1.0;-0.154513373684
96.0;0.4;-1.1;-0.175203967481
97.0;0.4;-1.2;-0.197464604152
98.0;0.4;-1.3;-0.220994827073
99.0;0.4;-1.4;-0.245230852595
100.0;0.4;-1.5;-0.269616407699
101.0;0.4;-1.6;-0.293915367745
102.0;0.4;-1.7;-0.318133531369
103.0;0.4;-1.8;-0.342310130807
104.0;0.4;-1.9;-0.366474261272
105.0;0.4;-2.0;-0.39065848172
106.0;0.5;0.0;-0.0247284770408
107.0;0.5;-0.1;-0.0354726982765
108.0;0.5;-0.2;-0.0477138924524
109.0;0.5;-0.3;-0.0599889340047
110.0;0.5;-0.4;-0.0721960044264
111.0;0.5;-0.5;-0.0853313807257
112.0;0.5;-0.6;-0.100025051115
113.0;0.5;-0.7;-0.115978650798
114.0;0.5;-0.8;-0.132894322633
115.0;0.5;-0.9;-0.151103755326
116.0;0.5;-1.0;-0.171057469391
117.0;0.5;-1.1;-0.192703139085
118.0;0.5;-1.2;-0.215569406253
119.0;0.5;-1.3;-0.239126167995
120.0;0.5;-1.4;-0.26288182518
121.0;0.5;-1.5;-0.286480326848
122.0;0.5;-1.6;-0.309912156291
123.0;0.5;-1.7;-0.333362382255
124.0;0.5;-1.8;-0.356898469436
125.0;0.5;-1.9;-0.380451618986
126.0;0.5;-2.0;-0.403981465546
127.0;0.6;0.0;-0.0392875279934
128.0;0.6;-0.1;-0.0498541372195
129.0;0.6;-0.2;-0.0615154042021
130.0;0.6;-0.3;-0.0736950893268
131.0;0.6;-0.4;-0.0863866864185
132.0;0.6;-0.5;-0.100025051115
133.0;0.6;-0.6;-0.115004274378
134.0;0.6;-0.7;-0.1313936444
135.0;0.6;-0.8;-0.149157789323
136.0;0.6;-0.9;-0.168422132063
137.0;0.6;-1.0;-0.189295041112
138.0;0.6;-1.1;-0.211488010022
139.0;0.6;-1.2;-0.234367964017
140.0;0.6;-1.3;-0.257395092644
141.0;0.6;-1.4;-0.280341050752
142.0;0.6;-1.5;-0.303167988097
143.0;0.6;-1.6;-0.325929876222
144.0;0.6;-1.7;-0.348719213232
145.0;0.6;-1.8;-0.371571310244
146.0;0.6;-1.9;-0.394445279925
147.0;0.6;-2.0;-0.417302236271
148.0;0.7;0.0;-0.0547181425834
149.0;0.7;-0.1;-0.0648901586322
150.0;0.7;-0.2;-0.0760079422815
151.0;0.7;-0.3;-0.0882646600681
152.0;0.7;-0.4;-0.101648136037
153.0;0.7;-0.5;-0.115978650798
154.0;0.7;-0.6;-0.1313936444
155.0;0.7;-0.7;-0.148338862328
156.0;0.7;-0.8;-0.167033112605
157.0;0.7;-0.9;-0.187291015265
158.0;0.7;-1.0;-0.208758384979
159.0;0.7;-1.1;-0.23096743778
160.0;0.7;-1.2;-0.25336032738
161.0;0.7;-1.3;-0.275579318742
162.0;0.7;-1.4;-0.297666314951
163.0;0.7;-1.5;-0.319790319763
164.0;0.7;-1.6;-0.341968555807
165.0;0.7;-1.7;-0.364142666243
166.0;0.7;-1.8;-0.386302685264
167.0;0.7;-1.9;-0.408465838181
168.0;0.7;-2.0;-0.43063058726
169.0;0.8;0.0;-0.0700564239151
170.0;0.8;-0.1;-0.0803757689005
171.0;0.8;-0.2;-0.0916756360551
172.0;0.8;-0.3;-0.104166831011
173.0;0.8;-0.4;-0.117932255354
174.0;0.8;-0.5;-0.132894322632
175.0;0.8;-0.6;-0.149157789322
176.0;0.8;-0.7;-0.167033112605
177.0;0.8;-0.8;-0.186590094762
178.0;0.8;-0.9;-0.207413485445
179.0;0.8;-1.0;-0.228897795209
180.0;0.8;-1.1;-0.250582483254
181.0;0.8;-1.2;-0.272196945711
182.0;0.8;-1.3;-0.293647507704
183.0;0.8;-1.4;-0.315032283126
184.0;0.8;-1.5;-0.33648676815
185.0;0.8;-1.6;-0.358011893903
186.0;0.8;-1.7;-0.379529723512
187.0;0.8;-1.8;-0.401011847351
188.0;0.8;-1.9;-0.422482481859
189.0;0.8;-2.0;-0.443958910561
190.0;0.9;0.0;-0.085655386908
191.0;0.9;-0.1;-0.0965121959087
192.0;0.9;-0.2;-0.108451311343
193.0;0.9;-0.3;-0.121359010434
194.0;0.9;-0.4;-0.135460907648
195.0;0.9;-0.5;-0.151103755326
196.0;0.9;-0.6;-0.168422132063
197.0;0.9;-0.7;-0.187291015265
198.0;0.9;-0.8;-0.207413485445
199.0;0.9;-0.9;-0.228264062577
200.0;0.9;-1.0;-0.249255092374
201.0;0.9;-1.1;-0.270107921341
202.0;0.9;-1.2;-0.29087703662
203.0;0.9;-1.3;-0.311657579404
204.0;0.9;-1.4;-0.332451253387
205.0;0.9;-1.5;-0.353250524028
206.0;0.9;-1.6;-0.374062701882
207.0;0.9;-1.7;-0.394878206127
208.0;0.9;-1.8;-0.415682937251
209.0;0.9;-1.9;-0.436480023038
210.0;0.9;-2.0;-0.45727980851
211.0;1.0;0.0;-0.102399258395
212.0;1.0;-0.1;-0.113685500351
213.0;1.0;-0.2;-0.126149410788
214.0;1.0;-0.3;-0.139672276789
215.0;1.0;-0.4;-0.154513373685
216.0;1.0;-0.5;-0.171057469392
217.0;1.0;-0.6;-0.189295041113
218.0;1.0;-0.7;-0.208758384979
219.0;1.0;-0.8;-0.228897795207
220.0;1.0;-0.9;-0.249255092373
221.0;1.0;-1.0;-0.269496403708
222.0;1.0;-1.1;-0.289550572428
223.0;1.0;-1.2;-0.309578448646
224.0;1.0;-1.3;-0.329699984674
225.0;1.0;-1.4;-0.349866061612
226.0;1.0;-1.5;-0.370003412291
227.0;1.0;-1.6;-0.390114574822
228.0;1.0;-1.7;-0.410228645456
229.0;1.0;-1.8;-0.430350923551
230.0;1.0;-1.9;-0.450474477519
231.0;1.0;-2.0;-0.470598551495
232.0;1.1;0.0;-0.120565117644
233.0;1.1;-0.1;-0.132135658806
234.0;1.1;-0.2;-0.144979904648
235.0;1.1;-0.3;-0.159290487766
236.0;1.1;-0.4;-0.175203967482
237.0;1.1;-0.5;-0.192703139087
238.0;1.1;-0.6;-0.211488010023
239.0;1.1;-0.7;-0.230967437779
240.0;1.1;-0.8;-0.250582483252
241.0;1.1;-0.9;-0.27010792134
242.0;1.1;-1.0;-0.289550572427
243.0;1.1;-1.1;-0.308953641207
244.0;1.1;-1.2;-0.328359485477
245.0;1.1;-1.3;-0.347801688727
246.0;1.1;-1.4;-0.367267744256
247.0;1.1;-1.5;-0.38672255599
248.0;1.1;-1.6;-0.406158834881
249.0;1.1;-1.7;-0.425593186498
250.0;1.1;-1.8;-0.44503493184
251.0;1.1;-1.9;-0.464479710071
252.0;1.1;-2.0;-0.483923108473
253.0;1.2;0.0;-0.139820582679
254.0;1.2;-0.1;-0.151896400952
255.0;1.2;-0.2;-0.165364504669
256.0;1.2;-0.3;-0.180579118887
257.0;1.2;-0.4;-0.197464604154
258.0;1.2;-0.5;-0.215569406256
259.0;1.2;-0.6;-0.234367964019
260.0;1.2;-0.7;-0.25336032738
261.0;1.2;-0.8;-0.27219694571
262.0;1.2;-0.9;-0.290877036619
263.0;1.2;-1.0;-0.309578448646
264.0;1.2;-1.1;-0.328359485477
265.0;1.2;-1.2;-0.347151103837
266.0;1.2;-1.3;-0.365915103438
267.0;1.2;-1.4;-0.384671815392
268.0;1.2;-1.5;-0.403434856519
269.0;1.2;-1.6;-0.42219882579
270.0;1.2;-1.7;-0.440961061669
271.0;1.2;-1.8;-0.459724811058
272.0;1.2;-1.9;-0.478490005744
273.0;1.2;-2.0;-0.497253566224
274.0;1.3;0.0;-0.160051466063
275.0;1.3;-0.1;-0.173021154961
276.0;1.3;-0.2;-0.187465396476
277.0;1.3;-0.3;-0.203552713996
278.0;1.3;-0.4;-0.220994827074
279.0;1.3;-0.5;-0.239126167996
280.0;1.3;-0.6;-0.257395092644
281.0;1.3;-0.7;-0.275579318741
282.0;1.3;-0.8;-0.293647507704
283.0;1.3;-0.9;-0.311657579405
284.0;1.3;-1.0;-0.329699984676
285.0;1.3;-1.1;-0.347801688729
286.0;1.3;-1.2;-0.36591510344
287.0;1.3;-1.3;-0.384003509723
288.0;1.3;-1.4;-0.402077368868
289.0;1.3;-1.5;-0.420156148847
290.0;1.3;-1.6;-0.438241257981
291.0;1.3;-1.7;-0.456326015373
292.0;1.3;-1.8;-0.474409597399
293.0;1.3;-1.9;-0.49249558113
294.0;1.3;-2.0;-0.510583331585
295.0;1.4;0.0;-0.181665182224
296.0;1.4;-0.1;-0.19568450331
297.0;1.4;-0.2;-0.211111344163
298.0;1.4;-0.3;-0.227769100657
299.0;1.4;-0.4;-0.245230852595
300.0;1.4;-0.5;-0.26288182518
301.0;1.4;-0.6;-0.280341050751
302.0;1.4;-0.7;-0.297666314951
303.0;1.4;-0.8;-0.315032283126
304.0;1.4;-0.9;-0.332451253389
305.0;1.4;-1.0;-0.349866061614
306.0;1.4;-1.1;-0.367267744259
307.0;1.4;-1.2;-0.384671815394
308.0;1.4;-1.3;-0.402077368869
309.0;1.4;-1.4;-0.419479385433
310.0;1.4;-1.5;-0.436881241293
311.0;1.4;-1.6;-0.454285708818
312.0;1.4;-1.7;-0.471690090243
313.0;1.4;-1.8;-0.489092955511
314.0;1.4;-1.9;-0.506497938936
315.0;1.4;-2.0;-0.523905761858
316.0;1.5;0.0;-0.205035596238
317.0;1.5;-0.1;-0.21992790625
318.0;1.5;-0.2;-0.235980404998
319.0;1.5;-0.3;-0.252683899497
320.0;1.5;-0.4;-0.269616407698
321.0;1.5;-0.5;-0.286480326846
322.0;1.5;-0.6;-0.303167988095
323.0;1.5;-0.7;-0.319790319762
324.0;1.5;-0.8;-0.33648676815
325.0;1.5;-0.9;-0.353250524028
326.0;1.5;-1.0;-0.370003412291
327.0;1.5;-1.1;-0.38672255599
328.0;1.5;-1.2;-0.40343485652
329.0;1.5;-1.3;-0.420156148848
330.0;1.5;-1.4;-0.436881241294
331.0;1.5;-1.5;-0.453604850981
332.0;1.5;-1.6;-0.470328781164
333.0;1.5;-1.7;-0.487055051902
334.0;1.5;-1.8;-0.503781074281
335.0;1.5;-1.9;-0.520502960415
336.0;1.5;-2.0;-0.537220674612
337.0;1.6;0.0;-0.230085479472
338.0;1.6;-0.1;-0.245416743848
339.0;1.6;-0.2;-0.261561990684
340.0;1.6;-0.3;-0.277826447626
341.0;1.6;-0.4;-0.293915367743
342.0;1.6;-0.5;-0.309912156289
343.0;1.6;-0.6;-0.325929876221
344.0;1.6;-0.7;-0.341968555807
345.0;1.6;-0.8;-0.358011893903
346.0;1.6;-0.9;-0.37406270188
347.0;1.6;-1.0;-0.390114574819
348.0;1.6;-1.1;-0.406158834878
349.0;1.6;-1.2;-0.422198825788
350.0;1.6;-1.3;-0.438241257981
351.0;1.6;-1.4;-0.454285708819
352.0;1.6;-1.5;-0.470328781165
353.0;1.6;-1.6;-0.486372168544
354.0;1.6;-1.7;-0.502419963341
355.0;1.6;-1.8;-0.518468377997
356.0;1.6;-1.9;-0.534506990775
357.0;1.6;-2.0;-0.550536625203
358.0;1.7;0.0;-0.256386314886
359.0;1.7;-0.1;-0.271592975782
360.0;1.7;-0.2;-0.287286613492
361.0;1.7;-0.3;-0.302852756075
362.0;1.7;-0.4;-0.318133531368
363.0;1.7;-0.5;-0.333362382255
364.0;1.7;-0.6;-0.348719213232
365.0;1.7;-0.7;-0.364142666244
366.0;1.7;-0.8;-0.379529723512
367.0;1.7;-0.9;-0.394878206125
368.0;1.7;-1.0;-0.410228645453
369.0;1.7;-1.1;-0.425593186496
370.0;1.7;-1.2;-0.440961061667
371.0;1.7;-1.3;-0.456326015373
372.0;1.7;-1.4;-0.471690090243
373.0;1.7;-1.5;-0.487055051902
374.0;1.7;-1.6;-0.502419963341
375.0;1.7;-1.7;-0.517783796251
376.0;1.7;-1.8;-0.533145247237
377.0;1.7;-1.9;-0.548503454298
378.0;1.7;-2.0;-0.563866454516
379.0;1.8;0.0;-0.283357680752
380.0;1.8;-0.1;-0.297991880866
381.0;1.8;-0.2;-0.312883811337
382.0;1.8;-0.3;-0.327683692665
383.0;1.8;-0.4;-0.342310130808
384.0;1.8;-0.5;-0.356898469437
385.0;1.8;-0.6;-0.371571310246
386.0;1.8;-0.7;-0.386302685265
387.0;1.8;-0.8;-0.401011847351
388.0;1.8;-0.9;-0.41568293725
389.0;1.8;-1.0;-0.43035092355
390.0;1.8;-1.1;-0.44503493184
391.0;1.8;-1.2;-0.459724811059
392.0;1.8;-1.3;-0.474409597399
393.0;1.8;-1.4;-0.489092955511
394.0;1.8;-1.5;-0.50378107428
395.0;1.8;-1.6;-0.518468377997
396.0;1.8;-1.7;-0.533145247237
397.0;1.8;-1.8;-0.547816743443
398.0;1.8;-1.9;-0.56250327153
399.0;1.8;-2.0;-0.577222560295
400.0;1.9;0.0;-0.310461293958
401.0;1.9;-0.1;-0.324366633987
402.0;1.9;-0.2;-0.338415244384
403.0;1.9;-0.3;-0.352467043877
404.0;1.9;-0.4;-0.366474261273
405.0;1.9;-0.5;-0.380451618987
406.0;1.9;-0.6;-0.394445279926
407.0;1.9;-0.7;-0.408465838182
408.0;1.9;-0.8;-0.422482481859
409.0;1.9;-0.9;-0.436480023038
410.0;1.9;-1.0;-0.450474477521
411.0;1.9;-1.1;-0.464479710074
412.0;1.9;-1.2;-0.478490005747
413.0;1.9;-1.3;-0.492495581132
414.0;1.9;-1.4;-0.506497938936
415.0;1.9;-1.5;-0.520502960414
416.0;1.9;-1.6;-0.534506990775
417.0;1.9;-1.7;-0.548503454299
418.0;1.9;-1.8;-0.56250327153
419.0;1.9;-1.9;-0.576534403291
420.0;1.9;-2.0;-0.590615578757
421.0;2.0;0.0;-0.337426586962
422.0;2.0;-0.1;-0.350646762989
423.0;2.0;-0.2;-0.363974648392
424.0;2.0;-0.3;-0.377320703066
425.0;2.0;-0.4;-0.39065848172
426.0;2.0;-0.5;-0.403981465546
427.0;2.0;-0.6;-0.41730223627
428.0;2.0;-0.7;-0.430630587258
429.0;2.0;-0.8;-0.443958910558
430.0;2.0;-0.9;-0.457279808509
431.0;2.0;-1.0;-0.470598551496
432.0;2.0;-1.1;-0.483923108476
433.0;2.0;-1.2;-0.497253566228
434.0;2.0;-1.3;-0.510583331587
435.0;2.0;-1.4;-0.523905761858
436.0;2.0;-1.5;-0.537220674612
437.0;2.0;-1.6;-0.550536625204
438.0;2.0;-1.7;-0.563866454517
439.0;2.0;-1.8;-0.577222560295
440.0;2.0;-1.9;-0.590615578757
441.0;2.0;-2.0;-0.604053077582
442.0;0.0;-2.4;-0.445053417976
443.0;0.0;-2.8;-0.552732576882
444.0;0.0;-3.2;-0.660424328849
445.0;0.0;-3.6;-0.768124591734
446.0;0.0;-4.0;-0.875795444422
447.0;0.4;-2.4;-0.487472558566
448.0;0.4;-2.8;-0.584280054932
449.0;0.4;-3.2;-0.68107523063
450.0;0.4;-3.6;-0.778099956193
451.0;0.4;-4.0;-0.875829757669
452.0;0.8;-2.4;-0.529889426699
453.0;0.8;-2.8;-0.615808688931
454.0;0.8;-3.2;-0.70195663756
455.0;0.8;-3.6;-0.788757487682
456.0;0.8;-4.0;-0.875805036379
457.0;1.2;-2.4;-0.572299009104
458.0;1.2;-2.8;-0.647572913283
459.0;1.2;-3.2;-0.723493665731
460.0;1.2;-3.6;-0.799646531809
461.0;1.2;-4.0;-0.875796292547
462.0;1.6;-2.4;-0.614936791319
463.0;1.6;-2.8;-0.679985980482
464.0;1.6;-3.2;-0.745260869145
465.0;1.6;-3.6;-0.810526373312
466.0;1.6;-4.0;-0.875795014315
467.0;2.0;-2.4;-0.658224569259
468.0;2.0;-2.8;-0.712626975607
469.0;2.0;-3.2;-0.767016469461
470.0;2.0;-3.6;-0.821404150265
471.0;2.0;-4.0;-0.875795222955
472.0;2.4;0.0;-0.445053417974
473.0;2.4;-0.4;-0.487472558567
474.0;2.4;-0.8;-0.529889426701
475.0;2.4;-1.2;-0.572299009105
476.0;2.4;-1.6;-0.614936791316
477.0;2.4;-2.0;-0.658224569259
478.0;2.4;-2.4;-0.701746989789
479.0;2.4;-2.8;-0.745260802051
480.0;2.4;-3.2;-0.788771730184
481.0;2.4;-3.6;-0.832282247931
482.0;2.4;-4.0;-0.875795326163
483.0;2.8;0.0;-0.552732576882
484.0;2.8;-0.4;-0.58428005493
485.0;2.8;-0.8;-0.615808688932
486.0;2.8;-1.2;-0.647572913279
487.0;2.8;-1.6;-0.679985980484
488.0;2.8;-2.0;-0.712626975608
489.0;2.8;-2.4;-0.74526080205
490.0;2.8;-2.8;-0.777894241907
491.0;2.8;-3.2;-0.810527505519
492.0;2.8;-3.6;-0.843160206466
493.0;2.8;-4.0;-0.875795644747
494.0;3.2;0.0;-0.660424328845
495.0;3.2;-0.4;-0.681075230629
496.0;3.2;-0.8;-0.701956637559
497.0;3.2;-1.2;-0.723493665735
498.0;3.2;-1.6;-0.74526086914
499.0;3.2;-2.0;-0.767016469462
500.0;3.2;-2.4;-0.788771730185
501.0;3.2;-2.8;-0.810527505517
502.0;3.2;-3.2;-0.832282860151
503.0;3.2;-3.6;-0.85403769543
504.0;3.2;-4.0;-0.875798066724
505.0;3.6;0.0;-0.768124591739
506.0;3.6;-0.4;-0.778099956193
507.0;3.6;-0.8;-0.788757487679
508.0;3.6;-1.2;-0.799646531809
509.0;3.6;-1.6;-0.810526373316
510.0;3.6;-2.0;-0.821404150263
511.0;3.6;-2.4;-0.832282247928
512.0;3.6;-2.8;-0.843160206466
513.0;3.6;-3.2;-0.854037695437
514.0;3.6;-3.6;-0.864913955388
515.0;3.6;-4.0;-0.875805762628
516.0;4.0;0.0;-0.875795444421
517.0;4.0;-0.4;-0.875829757671
518.0;4.0;-0.8;-0.875805036378
519.0;4.0;-1.2;-0.875796292544
520.0;4.0;-1.6;-0.875795014323
521.0;4.0;-2.0;-0.875795222958
522.0;4.0;-2.4;-0.875795326161
523.0;4.0;-2.8;-0.87579564475
524.0;4.0;-3.2;-0.875798066728
525.0;4.0;-3.6;-0.875805762614
526.0;4.0;-4.0;-0.875795444422
527;;;;
528.0;0.0;0.1;0.00294246953527
529.0;0.0;0.2;0.00159755083449
530.0;0.0;0.3;-0.00365332543829
531.0;0.0;0.4;-0.0125422410227
532.0;0.0;0.5;-0.0247284770395
533.0;0.0;0.6;-0.039287527994
534.0;0.0;0.7;-0.0547181425848
535.0;0.0;0.8;-0.070056423916
536.0;0.0;0.9;-0.0856553869078
537.0;0.0;1.0;-0.102399258395
538.0;0.0;1.1;-0.120565117645
539.0;0.0;1.2;-0.13982058268
540.0;0.0;1.3;-0.160051466063
541.0;0.0;1.4;-0.181665182222
542.0;0.0;1.5;-0.205035596235
543.0;0.0;1.6;-0.230085479471
544.0;0.0;1.7;-0.256386314886
545.0;0.0;1.8;-0.283357680752
546.0;0.0;1.9;-0.310461293958
547.0;0.0;2.0;-0.337426586962
548;;;;
549.0;0.1;0.1;0.00202823304171
550.0;0.1;0.2;-0.00281060612467
551.0;0.1;0.3;-0.0111353020042
552.0;0.1;0.4;-0.0223031056398
553.0;0.1;0.5;-0.0354726982762
554.0;0.1;0.6;-0.0498541372206
555.0;0.1;0.7;-0.064890158634
556.0;0.1;0.8;-0.0803757689014
557.0;0.1;0.9;-0.0965121959086
558.0;0.1;1.0;-0.113685500351
559.0;0.1;1.1;-0.132135658807
560.0;0.1;1.2;-0.151896400954
561.0;0.1;1.3;-0.173021154961
562.0;0.1;1.4;-0.195684503308
563.0;0.1;1.5;-0.219927906248
564.0;0.1;1.6;-0.245416743847
565.0;0.1;1.7;-0.271592975782
566.0;0.1;1.8;-0.297991880867
567.0;0.1;1.9;-0.324366633988
568.0;0.1;2.0;-0.35064676299
569;;;;
570.0;0.2;0.1;-0.00281060612487
571.0;0.2;0.2;-0.0106900065663
572.0;0.2;0.3;-0.0214574420145
573.0;0.2;0.4;-0.034185074829
574.0;0.2;0.5;-0.0477138924529
575.0;0.2;0.6;-0.0615154042037
576.0;0.2;0.7;-0.0760079422832
577.0;0.2;0.8;-0.0916756360557
578.0;0.2;0.9;-0.108451311342
579.0;0.2;1.0;-0.126149410788
580.0;0.2;1.1;-0.14497990465
581.0;0.2;1.2;-0.165364504671
582.0;0.2;1.3;-0.187465396476
583.0;0.2;1.4;-0.211111344162
584.0;0.2;1.5;-0.235980404996
585.0;0.2;1.6;-0.261561990683
586.0;0.2;1.7;-0.287286613492
587.0;0.2;1.8;-0.312883811337
588.0;0.2;1.9;-0.338415244385
589.0;0.2;2.0;-0.363974648394
590;;;;
591.0;0.3;0.1;-0.0111353020052
592.0;0.3;0.2;-0.0214574420147
593.0;0.3;0.3;-0.0335616074247
594.0;0.3;0.4;-0.0465996908617
595.0;0.3;0.5;-0.0599889340054
596.0;0.3;0.6;-0.073695089328
597.0;0.3;0.7;-0.0882646600694
598.0;0.3;0.8;-0.104166831012
599.0;0.3;0.9;-0.121359010434
600.0;0.3;1.0;-0.139672276789
601.0;0.3;1.1;-0.159290487767
602.0;0.3;1.2;-0.180579118888
603.0;0.3;1.3;-0.203552713996
604.0;0.3;1.4;-0.227769100657
605.0;0.3;1.5;-0.252683899497
606.0;0.3;1.6;-0.277826447626
607.0;0.3;1.7;-0.302852756076
608.0;0.3;1.8;-0.327683692664
609.0;0.3;1.9;-0.352467043878
610.0;0.3;2.0;-0.377320703068
611;;;;
612.0;0.4;0.1;-0.022303105641
613.0;0.4;0.2;-0.0341850748291
614.0;0.4;0.3;-0.0465996908614
615.0;0.4;0.4;-0.0590920163986
616.0;0.4;0.5;-0.0721960044268
617.0;0.4;0.6;-0.0863866864192
618.0;0.4;0.7;-0.101648136038
619.0;0.4;0.8;-0.117932255354
620.0;0.4;0.9;-0.135460907648
621.0;0.4;1.0;-0.154513373684
622.0;0.4;1.1;-0.175203967481
623.0;0.4;1.2;-0.197464604152
624.0;0.4;1.3;-0.220994827073
625.0;0.4;1.4;-0.245230852595
626.0;0.4;1.5;-0.269616407699
627.0;0.4;1.6;-0.293915367745
628.0;0.4;1.7;-0.318133531369
629.0;0.4;1.8;-0.342310130807
630.0;0.4;1.9;-0.366474261272
631.0;0.4;2.0;-0.39065848172
632;;;;
633.0;0.5;0.1;-0.0354726982765
634.0;0.5;0.2;-0.0477138924524
635.0;0.5;0.3;-0.0599889340047
636.0;0.5;0.4;-0.0721960044264
637.0;0.5;0.5;-0.0853313807257
638.0;0.5;0.6;-0.100025051115
639.0;0.5;0.7;-0.115978650798
640.0;0.5;0.8;-0.132894322633
641.0;0.5;0.9;-0.151103755326
642.0;0.5;1.0;-0.171057469391
643.0;0.5;1.1;-0.192703139085
644.0;0.5;1.2;-0.215569406253
645.0;0.5;1.3;-0.239126167995
646.0;0.5;1.4;-0.26288182518
647.0;0.5;1.5;-0.286480326848
648.0;0.5;1.6;-0.309912156291
649.0;0.5;1.7;-0.333362382255
650.0;0.5;1.8;-0.356898469436
651.0;0.5;1.9;-0.380451618986
652.0;0.5;2.0;-0.403981465546
653;;;;
654.0;0.6;0.1;-0.0498541372195
655.0;0.6;0.2;-0.0615154042021
656.0;0.6;0.3;-0.0736950893268
657.0;0.6;0.4;-0.0863866864185
658.0;0.6;0.5;-0.100025051115
659.0;0.6;0.6;-0.115004274378
660.0;0.6;0.7;-0.1313936444
661.0;0.6;0.8;-0.149157789323
662.0;0.6;0.9;-0.168422132063
663.0;0.6;1.0;-0.189295041112
664.0;0.6;1.1;-0.211488010022
665.0;0.6;1.2;-0.234367964017
666.0;0.6;1.3;-0.257395092644
667.0;0.6;1.4;-0.280341050752
668.0;0.6;1.5;-0.303167988097
669.0;0.6;1.6;-0.325929876222
670.0;0.6;1.7;-0.348719213232
671.0;0.6;1.8;-0.371571310244
672.0;0.6;1.9;-0.394445279925
673.0;0.6;2.0;-0.417302236271
674;;;;
675.0;0.7;0.1;-0.0648901586322
676.0;0.7;0.2;-0.0760079422815
677.0;0.7;0.3;-0.0882646600681
678.0;0.7;0.4;-0.101648136037
679.0;0.7;0.5;-0.115978650798
680.0;0.7;0.6;-0.1313936444
681.0;0.7;0.7;-0.148338862328
682.0;0.7;0.8;-0.167033112605
683.0;0.7;0.9;-0.187291015265
684.0;0.7;1.0;-0.208758384979
685.0;0.7;1.1;-0.23096743778
686.0;0.7;1.2;-0.25336032738
687.0;0.7;1.3;-0.275579318742
688.0;0.7;1.4;-0.297666314951
689.0;0.7;1.5;-0.319790319763
690.0;0.7;1.6;-0.341968555807
691.0;0.7;1.7;-0.364142666243
692.0;0.7;1.8;-0.386302685264
693.0;0.7;1.9;-0.408465838181
694.0;0.7;2.0;-0.43063058726
695;;;;
696.0;0.8;0.1;-0.0803757689005
697.0;0.8;0.2;-0.0916756360551
698.0;0.8;0.3;-0.104166831011
699.0;0.8;0.4;-0.117932255354
700.0;0.8;0.5;-0.132894322632
701.0;0.8;0.6;-0.149157789322
702.0;0.8;0.7;-0.167033112605
703.0;0.8;0.8;-0.186590094762
704.0;0.8;0.9;-0.207413485445
705.0;0.8;1.0;-0.228897795209
706.0;0.8;1.1;-0.250582483254
707.0;0.8;1.2;-0.272196945711
708.0;0.8;1.3;-0.293647507704
709.0;0.8;1.4;-0.315032283126
710.0;0.8;1.5;-0.33648676815
711.0;0.8;1.6;-0.358011893903
712.0;0.8;1.7;-0.379529723512
713.0;0.8;1.8;-0.401011847351
714.0;0.8;1.9;-0.422482481859
715.0;0.8;2.0;-0.443958910561
716;;;;
717.0;0.9;0.1;-0.0965121959087
718.0;0.9;0.2;-0.108451311343
719.0;0.9;0.3;-0.121359010434
720.0;0.9;0.4;-0.135460907648
721.0;0.9;0.5;-0.151103755326
722.0;0.9;0.6;-0.168422132063
723.0;0.9;0.7;-0.187291015265
724.0;0.9;0.8;-0.207413485445
725.0;0.9;0.9;-0.228264062577
726.0;0.9;1.0;-0.249255092374
727.0;0.9;1.1;-0.270107921341
728.0;0.9;1.2;-0.29087703662
729.0;0.9;1.3;-0.311657579404
730.0;0.9;1.4;-0.332451253387
731.0;0.9;1.5;-0.353250524028
732.0;0.9;1.6;-0.374062701882
733.0;0.9;1.7;-0.394878206127
734.0;0.9;1.8;-0.415682937251
735.0;0.9;1.9;-0.436480023038
736.0;0.9;2.0;-0.45727980851
737;;;;
738.0;1.0;0.1;-0.113685500351
739.0;1.0;0.2;-0.126149410788
740.0;1.0;0.3;-0.139672276789
741.0;1.0;0.4;-0.154513373685
742.0;1.0;0.5;-0.171057469392
743.0;1.0;0.6;-0.189295041113
744.0;1.0;0.7;-0.208758384979
745.0;1.0;0.8;-0.228897795207
746.0;1.0;0.9;-0.249255092373
747.0;1.0;1.0;-0.269496403708
748.0;1.0;1.1;-0.289550572428
749.0;1.0;1.2;-0.309578448646
750.0;1.0;1.3;-0.329699984674
751.0;1.0;1.4;-0.349866061612
752.0;1.0;1.5;-0.370003412291
753.0;1.0;1.6;-0.390114574822
754.0;1.0;1.7;-0.410228645456
755.0;1.0;1.8;-0.430350923551
756.0;1.0;1.9;-0.450474477519
757.0;1.0;2.0;-0.470598551495
758;;;;
759.0;1.1;0.1;-0.132135658806
760.0;1.1;0.2;-0.144979904648
761.0;1.1;0.3;-0.159290487766
762.0;1.1;0.4;-0.175203967482
763.0;1.1;0.5;-0.192703139087
764.0;1.1;0.6;-0.211488010023
765.0;1.1;0.7;-0.230967437779
766.0;1.1;0.8;-0.250582483252
767.0;1.1;0.9;-0.27010792134
768.0;1.1;1.0;-0.289550572427
769.0;1.1;1.1;-0.308953641207
770.0;1.1;1.2;-0.328359485477
771.0;1.1;1.3;-0.347801688727
772.0;1.1;1.4;-0.367267744256
773.0;1.1;1.5;-0.38672255599
774.0;1.1;1.6;-0.406158834881
775.0;1.1;1.7;-0.425593186498
776.0;1.1;1.8;-0.44503493184
777.0;1.1;1.9;-0.464479710071
778.0;1.1;2.0;-0.483923108473
779;;;;
780.0;1.2;0.1;-0.151896400952
781.0;1.2;0.2;-0.165364504669
782.0;1.2;0.3;-0.180579118887
783.0;1.2;0.4;-0.197464604154
784.0;1.2;0.5;-0.215569406256
785.0;1.2;0.6;-0.234367964019
786.0;1.2;0.7;-0.25336032738
787.0;1.2;0.8;-0.27219694571
788.0;1.2;0.9;-0.290877036619
789.0;1.2;1.0;-0.309578448646
790.0;1.2;1.1;-0.328359485477
791.0;1.2;1.2;-0.347151103837
792.0;1.2;1.3;-0.365915103438
793.0;1.2;1.4;-0.384671815392
794.0;1.2;1.5;-0.403434856519
795.0;1.2;1.6;-0.42219882579
796.0;1.2;1.7;-0.440961061669
797.0;1.2;1.8;-0.459724811058
798.0;1.2;1.9;-0.478490005744
799.0;1.2;2.0;-0.497253566224
800;;;;
801.0;1.3;0.1;-0.173021154961
802.0;1.3;0.2;-0.187465396476
803.0;1.3;0.3;-0.203552713996
804.0;1.3;0.4;-0.220994827074
805.0;1.3;0.5;-0.239126167996
806.0;1.3;0.6;-0.257395092644
807.0;1.3;0.7;-0.275579318741
808.0;1.3;0.8;-0.293647507704
809.0;1.3;0.9;-0.311657579405
810.0;1.3;1.0;-0.329699984676
811.0;1.3;1.1;-0.347801688729
812.0;1.3;1.2;-0.36591510344
813.0;1.3;1.3;-0.384003509723
814.0;1.3;1.4;-0.402077368868
815.0;1.3;1.5;-0.420156148847
816.0;1.3;1.6;-0.438241257981
817.0;1.3;1.7;-0.456326015373
818.0;1.3;1.8;-0.474409597399
819.0;1.3;1.9;-0.49249558113
820.0;1.3;2.0;-0.510583331585
821;;;;
822.0;1.4;0.1;-0.19568450331
823.0;1.4;0.2;-0.211111344163
824.0;1.4;0.3;-0.227769100657
825.0;1.4;0.4;-0.245230852595
826.0;1.4;0.5;-0.26288182518
827.0;1.4;0.6;-0.280341050751
828.0;1.4;0.7;-0.297666314951
829.0;1.4;0.8;-0.315032283126
830.0;1.4;0.9;-0.332451253389
831.0;1.4;1.0;-0.349866061614
832.0;1.4;1.1;-0.367267744259
833.0;1.4;1.2;-0.384671815394
834.0;1.4;1.3;-0.402077368869
835.0;1.4;1.4;-0.419479385433
836.0;1.4;1.5;-0.436881241293
837.0;1.4;1.6;-0.454285708818
838.0;1.4;1.7;-0.471690090243
839.0;1.4;1.8;-0.489092955511
840.0;1.4;1.9;-0.506497938936
841.0;1.4;2.0;-0.523905761858
842;;;;
843.0;1.5;0.1;-0.21992790625
844.0;1.5;0.2;-0.235980404998
845.0;1.5;0.3;-0.252683899497
846.0;1.5;0.4;-0.269616407698
847.0;1.5;0.5;-0.286480326846
848.0;1.5;0.6;-0.303167988095
849.0;1.5;0.7;-0.319790319762
850.0;1.5;0.8;-0.33648676815
851.0;1.5;0.9;-0.353250524028
852.0;1.5;1.0;-0.370003412291
853.0;1.5;1.1;-0.38672255599
854.0;1.5;1.2;-0.40343485652
855.0;1.5;1.3;-0.420156148848
856.0;1.5;1.4;-0.436881241294
857.0;1.5;1.5;-0.453604850981
858.0;1.5;1.6;-0.470328781164
859.0;1.5;1.7;-0.487055051902
860.0;1.5;1.8;-0.503781074281
861.0;1.5;1.9;-0.520502960415
862.0;1.5;2.0;-0.537220674612
863;;;;
864.0;1.6;0.1;-0.245416743848
865.0;1.6;0.2;-0.261561990684
866.0;1.6;0.3;-0.277826447626
867.0;1.6;0.4;-0.293915367743
868.0;1.6;0.5;-0.309912156289
869.0;1.6;0.6;-0.325929876221
870.0;1.6;0.7;-0.341968555807
871.0;1.6;0.8;-0.358011893903
872.0;1.6;0.9;-0.37406270188
873.0;1.6;1.0;-0.390114574819
874.0;1.6;1.1;-0.406158834878
875.0;1.6;1.2;-0.422198825788
876.0;1.6;1.3;-0.438241257981
877.0;1.6;1.4;-0.454285708819
878.0;1.6;1.5;-0.470328781165
879.0;1.6;1.6;-0.486372168544
880.0;1.6;1.7;-0.502419963341
881.0;1.6;1.8;-0.518468377997
882.0;1.6;1.9;-0.534506990775
883.0;1.6;2.0;-0.550536625203
884;;;;
885.0;1.7;0.1;-0.271592975782
886.0;1.7;0.2;-0.287286613492
887.0;1.7;0.3;-0.302852756075
888.0;1.7;0.4;-0.318133531368
889.0;1.7;0.5;-0.333362382255
890.0;1.7;0.6;-0.348719213232
891.0;1.7;0.7;-0.364142666244
892.0;1.7;0.8;-0.379529723512
893.0;1.7;0.9;-0.394878206125
894.0;1.7;1.0;-0.410228645453
895.0;1.7;1.1;-0.425593186496
896.0;1.7;1.2;-0.440961061667
897.0;1.7;1.3;-0.456326015373
898.0;1.7;1.4;-0.471690090243
899.0;1.7;1.5;-0.487055051902
900.0;1.7;1.6;-0.502419963341
901.0;1.7;1.7;-0.517783796251
902.0;1.7;1.8;-0.533145247237
903.0;1.7;1.9;-0.548503454298
904.0;1.7;2.0;-0.563866454516
905;;;;
906.0;1.8;0.1;-0.297991880866
907.0;1.8;0.2;-0.312883811337
908.0;1.8;0.3;-0.327683692665
909.0;1.8;0.4;-0.342310130808
910.0;1.8;0.5;-0.356898469437
911.0;1.8;0.6;-0.371571310246
912.0;1.8;0.7;-0.386302685265
913.0;1.8;0.8;-0.401011847351
914.0;1.8;0.9;-0.41568293725
915.0;1.8;1.0;-0.43035092355
916.0;1.8;1.1;-0.44503493184
917.0;1.8;1.2;-0.459724811059
918.0;1.8;1.3;-0.474409597399
919.0;1.8;1.4;-0.489092955511
920.0;1.8;1.5;-0.50378107428
921.0;1.8;1.6;-0.518468377997
922.0;1.8;1.7;-0.533145247237
923.0;1.8;1.8;-0.547816743443
924.0;1.8;1.9;-0.56250327153
925.0;1.8;2.0;-0.577222560295
926;;;;
927.0;1.9;0.1;-0.324366633987
928.0;1.9;0.2;-0.338415244384
929.0;1.9;0.3;-0.352467043877
930.0;1.9;0.4;-0.366474261273
931.0;1.9;0.5;-0.380451618987
932.0;1.9;0.6;-0.394445279926
933.0;1.9;0.7;-0.408465838182
934.0;1.9;0.8;-0.422482481859
935.0;1.9;0.9;-0.436480023038
936.0;1.9;1.0;-0.450474477521
937.0;1.9;1.1;-0.464479710074
938.0;1.9;1.2;-0.478490005747
939.0;1.9;1.3;-0.492495581132
940.0;1.9;1.4;-0.506497938936
941.0;1.9;1.5;-0.520502960414
942.0;1.9;1.6;-0.534506990775
943.0;1.9;1.7;-0.548503454299
944.0;1.9;1.8;-0.56250327153
945.0;1.9;1.9;-0.576534403291
946.0;1.9;2.0;-0.590615578757
947;;;;
948.0;2.0;0.1;-0.350646762989
949.0;2.0;0.2;-0.363974648392
950.0;2.0;0.3;-0.377320703066
951.0;2.0;0.4;-0.39065848172
952.0;2.0;0.5;-0.403981465546
953.0;2.0;0.6;-0.41730223627
954.0;2.0;0.7;-0.430630587258
955.0;2.0;0.8;-0.443958910558
956.0;2.0;0.9;-0.457279808509
957.0;2.0;1.0;-0.470598551496
958.0;2.0;1.1;-0.483923108476
959.0;2.0;1.2;-0.497253566228
960.0;2.0;1.3;-0.510583331587
961.0;2.0;1.4;-0.523905761858
962.0;2.0;1.5;-0.537220674612
963.0;2.0;1.6;-0.550536625204
964.0;2.0;1.7;-0.563866454517
965.0;2.0;1.8;-0.577222560295
966.0;2.0;1.9;-0.590615578757
967.0;2.0;2.0;-0.604053077582
968.0;0.0;2.4;-0.445053417976
969.0;0.0;2.8;-0.552732576882
970.0;0.0;3.2;-0.660424328849
971.0;0.0;3.6;-0.768124591734
972.0;0.0;4.0;-0.875795444422
973.0;0.4;2.4;-0.487472558566
974.0;0.4;2.8;-0.584280054932
975.0;0.4;3.2;-0.68107523063
976.0;0.4;3.6;-0.778099956193
977.0;0.4;4.0;-0.875829757669
978.0;0.8;2.4;-0.529889426699
979.0;0.8;2.8;-0.615808688931
980.0;0.8;3.2;-0.70195663756
981.0;0.8;3.6;-0.788757487682
982.0;0.8;4.0;-0.875805036379
983.0;1.2;2.4;-0.572299009104
984.0;1.2;2.8;-0.647572913283
985.0;1.2;3.2;-0.723493665731
986.0;1.2;3.6;-0.799646531809
987.0;1.2;4.0;-0.875796292547
988.0;1.6;2.4;-0.614936791319
989.0;1.6;2.8;-0.679985980482
990.0;1.6;3.2;-0.745260869145
991.0;1.6;3.6;-0.810526373312
992.0;1.6;4.0;-0.875795014315
993.0;2.0;2.4;-0.658224569259
994.0;2.0;2.8;-0.712626975607
995.0;2.0;3.2;-0.767016469461
996.0;2.0;3.6;-0.821404150265
997.0;2.0;4.0;-0.875795222955
998.0;-0.1;0.0;0.00294246953546
999.0;2.4;0.4;-0.487472558567
1000.0;2.4;0.8;-0.529889426701
1001.0;2.4;1.2;-0.572299009105
1002.0;2.4;1.6;-0.614936791316
1003.0;2.4;2.0;-0.658224569259
1004.0;2.4;2.4;-0.701746989789
1005.0;2.4;2.8;-0.745260802051
1006.0;2.4;3.2;-0.788771730184
1007.0;2.4;3.6;-0.832282247931
1008.0;2.4;4.0;-0.875795326163
1009.0;-0.1;-0.1;0.00202823304171
1010.0;2.8;0.4;-0.58428005493
1011.0;2.8;0.8;-0.615808688932
1012.0;2.8;1.2;-0.647572913279
1013.0;2.8;1.6;-0.679985980484
1014.0;2.8;2.0;-0.712626975608
1015.0;2.8;2.4;-0.74526080205
1016.0;2.8;2.8;-0.777894241907
1017.0;2.8;3.2;-0.810527505519
1018.0;2.8;3.6;-0.843160206466
1019.0;2.8;4.0;-0.875795644747
1020.0;-0.1;-0.2;-0.00281060612467
1021.0;3.2;0.4;-0.681075230629
1022.0;3.2;0.8;-0.701956637559
1023.0;3.2;1.2;-0.723493665735
1024.0;3.2;1.6;-0.74526086914
1025.0;3.2;2.0;-0.767016469462
1026.0;3.2;2.4;-0.788771730185
1027.0;3.2;2.8;-0.810527505517
1028.0;3.2;3.2;-0.832282860151
1029.0;3.2;3.6;-0.85403769543
1030.0;3.2;4.0;-0.875798066724
1031.0;-0.1;-0.3;-0.0111353020042
1032.0;3.6;0.4;-0.778099956193
1033.0;3.6;0.8;-0.788757487679
1034.0;3.6;1.2;-0.799646531809
1035.0;3.6;1.6;-0.810526373316
1036.0;3.6;2.0;-0.821404150263
1037.0;3.6;2.4;-0.832282247928
1038.0;3.6;2.8;-0.843160206466
1039.0;3.6;3.2;-0.854037695437
1040.0;3.6;3.6;-0.864913955388
1041.0;3.6;4.0;-0.875805762628
1042.0;-0.1;-0.4;-0.0223031056398
1043.0;4.0;0.4;-0.875829757671
1044.0;4.0;0.8;-0.875805036378
1045.0;4.0;1.2;-0.875796292544
1046.0;4.0;1.6;-0.875795014323
1047.0;4.0;2.0;-0.875795222958
1048.0;4.0;2.4;-0.875795326161
1049.0;4.0;2.8;-0.87579564475
1050.0;4.0;3.2;-0.875798066728
1051.0;4.0;3.6;-0.875805762614
1052.0;4.0;4.0;-0.875795444422
1053.0;-0.1;-0.5;-0.0354726982762
1054.0;-0.1;-0.6;-0.0498541372206
1055.0;-0.1;-0.7;-0.064890158634
1056.0;-0.1;-0.8;-0.0803757689014
1057.0;-0.1;-0.9;-0.0965121959086
1058.0;-0.1;-1.0;-0.113685500351
1059.0;-0.1;-1.1;-0.132135658807
1060.0;-0.1;-1.2;-0.151896400954
1061.0;-0.1;-1.3;-0.173021154961
1062.0;-0.1;-1.4;-0.195684503308
1063.0;-0.1;-1.5;-0.219927906248
1064.0;-0.1;-1.6;-0.245416743847
1065.0;-0.1;-1.7;-0.271592975782
1066.0;-0.1;-1.8;-0.297991880867
1067.0;-0.1;-1.9;-0.324366633988
1068.0;-0.1;-2.0;-0.35064676299
1069.0;-0.2;0.0;0.00159755083404
1070.0;-0.2;-0.1;-0.00281060612487
1071.0;-0.2;-0.2;-0.0106900065663
1072.0;-0.2;-0.3;-0.0214574420145
1073.0;-0.2;-0.4;-0.034185074829
1074.0;-0.2;-0.5;-0.0477138924529
1075.0;-0.2;-0.6;-0.0615154042037
1076.0;-0.2;-0.7;-0.0760079422832
1077.0;-0.2;-0.8;-0.0916756360557
1078.0;-0.2;-0.9;-0.108451311342
1079.0;-0.2;-1.0;-0.126149410788
1080.0;-0.2;-1.1;-0.14497990465
1081.0;-0.2;-1.2;-0.165364504671
1082.0;-0.2;-1.3;-0.187465396476
1083.0;-0.2;-1.4;-0.211111344162
1084.0;-0.2;-1.5;-0.235980404996
1085.0;-0.2;-1.6;-0.261561990683
1086.0;-0.2;-1.7;-0.287286613492
1087.0;-0.2;-1.8;-0.312883811337
1088.0;-0.2;-1.9;-0.338415244385
1089.0;-0.2;-2.0;-0.363974648394
1090.0;-0.3;0.0;-0.00365332543967
1091.0;-0.3;-0.1;-0.0111353020052
1092.0;-0.3;-0.2;-0.0214574420147
1093.0;-0.3;-0.3;-0.0335616074247
1094.0;-0.3;-0.4;-0.0465996908617
1095.0;-0.3;-0.5;-0.0599889340054
1096.0;-0.3;-0.6;-0.073695089328
1097.0;-0.3;-0.7;-0.0882646600694
1098.0;-0.3;-0.8;-0.104166831012
1099.0;-0.3;-0.9;-0.121359010434
1100.0;-0.3;-1.0;-0.139672276789
1101.0;-0.3;-1.1;-0.159290487767
1102.0;-0.3;-1.2;-0.180579118888
1103.0;-0.3;-1.3;-0.203552713996
1104.0;-0.3;-1.4;-0.227769100657
1105.0;-0.3;-1.5;-0.252683899497
1106.0;-0.3;-1.6;-0.277826447626
1107.0;-0.3;-1.7;-0.302852756076
1108.0;-0.3;-1.8;-0.327683692664
1109.0;-0.3;-1.9;-0.352467043878
1110.0;-0.3;-2.0;-0.377320703068
1111.0;-0.4;0.0;-0.0125422410249
1112.0;-0.4;-0.1;-0.022303105641
1113.0;-0.4;-0.2;-0.0341850748291
1114.0;-0.4;-0.3;-0.0465996908614
1115.0;-0.4;-0.4;-0.0590920163986
1116.0;-0.4;-0.5;-0.0721960044268
1117.0;-0.4;-0.6;-0.0863866864192
1118.0;-0.4;-0.7;-0.101648136038
1119.0;-0.4;-0.8;-0.117932255354
1120.0;-0.4;-0.9;-0.135460907648
1121.0;-0.4;-1.0;-0.154513373684
1122.0;-0.4;-1.1;-0.175203967481
1123.0;-0.4;-1.2;-0.197464604152
1124.0;-0.4;-1.3;-0.220994827073
1125.0;-0.4;-1.4;-0.245230852595
1126.0;-0.4;-1.5;-0.269616407699
1127.0;-0.4;-1.6;-0.293915367745
1128.0;-0.4;-1.7;-0.318133531369
1129.0;-0.4;-1.8;-0.342310130807
1130.0;-0.4;-1.9;-0.366474261272
1131.0;-0.4;-2.0;-0.39065848172
1132.0;-0.5;0.0;-0.0247284770408
1133.0;-0.5;-0.1;-0.0354726982765
1134.0;-0.5;-0.2;-0.0477138924524
1135.0;-0.5;-0.3;-0.0599889340047
1136.0;-0.5;-0.4;-0.0721960044264
1137.0;-0.5;-0.5;-0.0853313807257
1138.0;-0.5;-0.6;-0.100025051115
1139.0;-0.5;-0.7;-0.115978650798
1140.0;-0.5;-0.8;-0.132894322633
1141.0;-0.5;-0.9;-0.151103755326
1142.0;-0.5;-1.0;-0.171057469391
1143.0;-0.5;-1.1;-0.192703139085
1144.0;-0.5;-1.2;-0.215569406253
1145.0;-0.5;-1.3;-0.239126167995
1146.0;-0.5;-1.4;-0.26288182518
1147.0;-0.5;-1.5;-0.286480326848
1148.0;-0.5;-1.6;-0.309912156291
1149.0;-0.5;-1.7;-0.333362382255
1150.0;-0.5;-1.8;-0.356898469436
1151.0;-0.5;-1.9;-0.380451618986
1152.0;-0.5;-2.0;-0.403981465546
1153.0;-0.6;0.0;-0.0392875279934
1154.0;-0.6;-0.1;-0.0498541372195
1155.0;-0.6;-0.2;-0.0615154042021
1156.0;-0.6;-0.3;-0.0736950893268
1157.0;-0.6;-0.4;-0.0863866864185
1158.0;-0.6;-0.5;-0.100025051115
1159.0;-0.6;-0.6;-0.115004274378
1160.0;-0.6;-0.7;-0.1313936444
1161.0;-0.6;-0.8;-0.149157789323
1162.0;-0.6;-0.9;-0.168422132063
1163.0;-0.6;-1.0;-0.189295041112
1164.0;-0.6;-1.1;-0.211488010022
1165.0;-0.6;-1.2;-0.234367964017
1166.0;-0.6;-1.3;-0.257395092644
1167.0;-0.6;-1.4;-0.280341050752
1168.0;-0.6;-1.5;-0.303167988097
1169.0;-0.6;-1.6;-0.325929876222
1170.0;-0.6;-1.7;-0.348719213232
1171.0;-0.6;-1.8;-0.371571310244
1172.0;-0.6;-1.9;-0.394445279925
1173.0;-0.6;-2.0;-0.417302236271
1174.0;-0.7;0.0;-0.0547181425834
1175.0;-0.7;-0.1;-0.0648901586322
1176.0;-0.7;-0.2;-0.0760079422815
1177.0;-0.7;-0.3;-0.0882646600681
1178.0;-0.7;-0.4;-0.101648136037
1179.0;-0.7;-0.5;-0.115978650798
1180.0;-0.7;-0.6;-0.1313936444
1181.0;-0.7;-0.7;-0.148338862328
1182.0;-0.7;-0.8;-0.167033112605
1183.0;-0.7;-0.9;-0.187291015265
1184.0;-0.7;-1.0;-0.208758384979
1185.0;-0.7;-1.1;-0.23096743778
1186.0;-0.7;-1.2;-0.25336032738
1187.0;-0.7;-1.3;-0.275579318742
1188.0;-0.7;-1.4;-0.297666314951
1189.0;-0.7;-1.5;-0.319790319763
1190.0;-0.7;-1.6;-0.341968555807
1191.0;-0.7;-1.7;-0.364142666243
1192.0;-0.7;-1.8;-0.386302685264
1193.0;-0.7;-1.9;-0.408465838181
1194.0;-0.7;-2.0;-0.43063058726
1195.0;-0.8;0.0;-0.0700564239151
1196.0;-0.8;-0.1;-0.0803757689005
1197.0;-0.8;-0.2;-0.0916756360551
1198.0;-0.8;-0.3;-0.104166831011
1199.0;-0.8;-0.4;-0.117932255354
1200.0;-0.8;-0.5;-0.132894322632
1201.0;-0.8;-0.6;-0.149157789322
1202.0;-0.8;-0.7;-0.167033112605
1203.0;-0.8;-0.8;-0.186590094762
1204.0;-0.8;-0.9;-0.207413485445
1205.0;-0.8;-1.0;-0.228897795209
1206.0;-0.8;-1.1;-0.250582483254
1207.0;-0.8;-1.2;-0.272196945711
1208.0;-0.8;-1.3;-0.293647507704
1209.0;-0.8;-1.4;-0.315032283126
1210.0;-0.8;-1.5;-0.33648676815
1211.0;-0.8;-1.6;-0.358011893903
1212.0;-0.8;-1.7;-0.379529723512
1213.0;-0.8;-1.8;-0.401011847351
1214.0;-0.8;-1.9;-0.422482481859
1215.0;-0.8;-2.0;-0.443958910561
1216.0;-0.9;0.0;-0.085655386908
1217.0;-0.9;-0.1;-0.0965121959087
1218.0;-0.9;-0.2;-0.108451311343
1219.0;-0.9;-0.3;-0.121359010434
1220.0;-0.9;-0.4;-0.135460907648
1221.0;-0.9;-0.5;-0.151103755326
1222.0;-0.9;-0.6;-0.168422132063
1223.0;-0.9;-0.7;-0.187291015265
1224.0;-0.9;-0.8;-0.207413485445
1225.0;-0.9;-0.9;-0.228264062577
1226.0;-0.9;-1.0;-0.249255092374
1227.0;-0.9;-1.1;-0.270107921341
1228.0;-0.9;-1.2;-0.29087703662
1229.0;-0.9;-1.3;-0.311657579404
1230.0;-0.9;-1.4;-0.332451253387
1231.0;-0.9;-1.5;-0.353250524028
1232.0;-0.9;-1.6;-0.374062701882
1233.0;-0.9;-1.7;-0.394878206127
1234.0;-0.9;-1.8;-0.415682937251
1235.0;-0.9;-1.9;-0.436480023038
1236.0;-0.9;-2.0;-0.45727980851
1237.0;-1.0;0.0;-0.102399258395
1238.0;-1.0;-0.1;-0.113685500351
1239.0;-1.0;-0.2;-0.126149410788
1240.0;-1.0;-0.3;-0.139672276789
1241.0;-1.0;-0.4;-0.154513373685
1242.0;-1.0;-0.5;-0.171057469392
1243.0;-1.0;-0.6;-0.189295041113
1244.0;-1.0;-0.7;-0.208758384979
1245.0;-1.0;-0.8;-0.228897795207
1246.0;-1.0;-0.9;-0.249255092373
1247.0;-1.0;-1.0;-0.269496403708
1248.0;-1.0;-1.1;-0.289550572428
1249.0;-1.0;-1.2;-0.309578448646
1250.0;-1.0;-1.3;-0.329699984674
1251.0;-1.0;-1.4;-0.349866061612
1252.0;-1.0;-1.5;-0.370003412291
1253.0;-1.0;-1.6;-0.390114574822
1254.0;-1.0;-1.7;-0.410228645456
1255.0;-1.0;-1.8;-0.430350923551
1256.0;-1.0;-1.9;-0.450474477519
1257.0;-1.0;-2.0;-0.470598551495
1258.0;-1.1;0.0;-0.120565117644
1259.0;-1.1;-0.1;-0.132135658806
1260.0;-1.1;-0.2;-0.144979904648
1261.0;-1.1;-0.3;-0.159290487766
1262.0;-1.1;-0.4;-0.175203967482
1263.0;-1.1;-0.5;-0.192703139087
1264.0;-1.1;-0.6;-0.211488010023
1265.0;-1.1;-0.7;-0.230967437779
1266.0;-1.1;-0.8;-0.250582483252
1267.0;-1.1;-0.9;-0.27010792134
1268.0;-1.1;-1.0;-0.289550572427
1269.0;-1.1;-1.1;-0.308953641207
1270.0;-1.1;-1.2;-0.328359485477
1271.0;-1.1;-1.3;-0.347801688727
1272.0;-1.1;-1.4;-0.367267744256
1273.0;-1.1;-1.5;-0.38672255599
1274.0;-1.1;-1.6;-0.406158834881
1275.0;-1.1;-1.7;-0.425593186498
1276.0;-1.1;-1.8;-0.44503493184
1277.0;-1.1;-1.9;-0.464479710071
1278.0;-1.1;-2.0;-0.483923108473
1279.0;-1.2;0.0;-0.139820582679
1280.0;-1.2;-0.1;-0.151896400952
1281.0;-1.2;-0.2;-0.165364504669
1282.0;-1.2;-0.3;-0.180579118887
1283.0;-1.2;-0.4;-0.197464604154
1284.0;-1.2;-0.5;-0.215569406256
1285.0;-1.2;-0.6;-0.234367964019
1286.0;-1.2;-0.7;-0.25336032738
1287.0;-1.2;-0.8;-0.27219694571
1288.0;-1.2;-0.9;-0.290877036619
1289.0;-1.2;-1.0;-0.309578448646
1290.0;-1.2;-1.1;-0.328359485477
1291.0;-1.2;-1.2;-0.347151103837
1292.0;-1.2;-1.3;-0.365915103438
1293.0;-1.2;-1.4;-0.384671815392
1294.0;-1.2;-1.5;-0.403434856519
1295.0;-1.2;-1.6;-0.42219882579
1296.0;-1.2;-1.7;-0.440961061669
1297.0;-1.2;-1.8;-0.459724811058
1298.0;-1.2;-1.9;-0.478490005744
1299.0;-1.2;-2.0;-0.497253566224
1300.0;-1.3;0.0;-0.160051466063
1301.0;-1.3;-0.1;-0.173021154961
1302.0;-1.3;-0.2;-0.187465396476
1303.0;-1.3;-0.3;-0.203552713996
1304.0;-1.3;-0.4;-0.220994827074
1305.0;-1.3;-0.5;-0.239126167996
1306.0;-1.3;-0.6;-0.257395092644
1307.0;-1.3;-0.7;-0.275579318741
1308.0;-1.3;-0.8;-0.293647507704
1309.0;-1.3;-0.9;-0.311657579405
1310.0;-1.3;-1.0;-0.329699984676
1311.0;-1.3;-1.1;-0.347801688729
1312.0;-1.3;-1.2;-0.36591510344
1313.0;-1.3;-1.3;-0.384003509723
1314.0;-1.3;-1.4;-0.402077368868
1315.0;-1.3;-1.5;-0.420156148847
1316.0;-1.3;-1.6;-0.438241257981
1317.0;-1.3;-1.7;-0.456326015373
1318.0;-1.3;-1.8;-0.474409597399
1319.0;-1.3;-1.9;-0.49249558113
1320.0;-1.3;-2.0;-0.510583331585
1321.0;-1.4;0.0;-0.181665182224
1322.0;-1.4;-0.1;-0.19568450331
1323.0;-1.4;-0.2;-0.211111344163
1324.0;-1.4;-0.3;-0.227769100657
1325.0;-1.4;-0.4;-0.245230852595
1326.0;-1.4;-0.5;-0.26288182518
1327.0;-1.4;-0.6;-0.280341050751
1328.0;-1.4;-0.7;-0.297666314951
1329.0;-1.4;-0.8;-0.315032283126
1330.0;-1.4;-0.9;-0.332451253389
1331.0;-1.4;-1.0;-0.349866061614
1332.0;-1.4;-1.1;-0.367267744259
1333.0;-1.4;-1.2;-0.384671815394
1334.0;-1.4;-1.3;-0.402077368869
1335.0;-1.4;-1.4;-0.419479385433
1336.0;-1.4;-1.5;-0.436881241293
1337.0;-1.4;-1.6;-0.454285708818
1338.0;-1.4;-1.7;-0.471690090243
1339.0;-1.4;-1.8;-0.489092955511
1340.0;-1.4;-1.9;-0.506497938936
1341.0;-1.4;-2.0;-0.523905761858
1342.0;-1.5;0.0;-0.205035596238
1343.0;-1.5;-0.1;-0.21992790625
1344.0;-1.5;-0.2;-0.235980404998
1345.0;-1.5;-0.3;-0.252683899497
1346.0;-1.5;-0.4;-0.269616407698
1347.0;-1.5;-0.5;-0.286480326846
1348.0;-1.5;-0.6;-0.303167988095
1349.0;-1.5;-0.7;-0.319790319762
1350.0;-1.5;-0.8;-0.33648676815
1351.0;-1.5;-0.9;-0.353250524028
1352.0;-1.5;-1.0;-0.370003412291
1353.0;-1.5;-1.1;-0.38672255599
1354.0;-1.5;-1.2;-0.40343485652
1355.0;-1.5;-1.3;-0.420156148848
1356.0;-1.5;-1.4;-0.436881241294
1357.0;-1.5;-1.5;-0.453604850981
1358.0;-1.5;-1.6;-0.470328781164
1359.0;-1.5;-1.7;-0.487055051902
1360.0;-1.5;-1.8;-0.503781074281
1361.0;-1.5;-1.9;-0.520502960415
1362.0;-1.5;-2.0;-0.537220674612
1363.0;-1.6;0.0;-0.230085479472
1364.0;-1.6;-0.1;-0.245416743848
1365.0;-1.6;-0.2;-0.261561990684
1366.0;-1.6;-0.3;-0.277826447626
1367.0;-1.6;-0.4;-0.293915367743
1368.0;-1.6;-0.5;-0.309912156289
1369.0;-1.6;-0.6;-0.325929876221
1370.0;-1.6;-0.7;-0.341968555807
1371.0;-1.6;-0.8;-0.358011893903
1372.0;-1.6;-0.9;-0.37406270188
1373.0;-1.6;-1.0;-0.390114574819
1374.0;-1.6;-1.1;-0.406158834878
1375.0;-1.6;-1.2;-0.422198825788
1376.0;-1.6;-1.3;-0.438241257981
1377.0;-1.6;-1.4;-0.454285708819
1378.0;-1.6;-1.5;-0.470328781165
1379.0;-1.6;-1.6;-0.486372168544
1380.0;-1.6;-1.7;-0.502419963341
1381.0;-1.6;-1.8;-0.518468377997
1382.0;-1.6;-1.9;-0.534506990775
1383.0;-1.6;-2.0;-0.550536625203
1384.0;-1.7;0.0;-0.256386314886
1385.0;-1.7;-0.1;-0.271592975782
1386.0;-1.7;-0.2;-0.287286613492
1387.0;-1.7;-0.3;-0.302852756075
1388.0;-1.7;-0.4;-0.318133531368
1389.0;-1.7;-0.5;-0.333362382255
1390.0;-1.7;-0.6;-0.348719213232
1391.0;-1.7;-0.7;-0.364142666244
1392.0;-1.7;-0.8;-0.379529723512
1393.0;-1.7;-0.9;-0.394878206125
1394.0;-1.7;-1.0;-0.410228645453
1395.0;-1.7;-1.1;-0.425593186496
1396.0;-1.7;-1.2;-0.440961061667
1397.0;-1.7;-1.3;-0.456326015373
1398.0;-1.7;-1.4;-0.471690090243
1399.0;-1.7;-1.5;-0.487055051902
1400.0;-1.7;-1.6;-0.502419963341
1401.0;-1.7;-1.7;-0.517783796251
1402.0;-1.7;-1.8;-0.533145247237
1403.0;-1.7;-1.9;-0.548503454298
1404.0;-1.7;-2.0;-0.563866454516
1405.0;-1.8;0.0;-0.283357680752
1406.0;-1.8;-0.1;-0.297991880866
1407.0;-1.8;-0.2;-0.312883811337
1408.0;-1.8;-0.3;-0.327683692665
1409.0;-1.8;-0.4;-0.342310130808
1410.0;-1.8;-0.5;-0.356898469437
1411.0;-1.8;-0.6;-0.371571310246
1412.0;-1.8;-0.7;-0.386302685265
1413.0;-1.8;-0.8;-0.401011847351
1414.0;-1.8;-0.9;-0.41568293725
1415.0;-1.8;-1.0;-0.43035092355
1416.0;-1.8;-1.1;-0.44503493184
1417.0;-1.8;-1.2;-0.459724811059
1418.0;-1.8;-1.3;-0.474409597399
1419.0;-1.8;-1.4;-0.489092955511
1420.0;-1.8;-1.5;-0.50378107428
1421.0;-1.8;-1.6;-0.518468377997
1422.0;-1.8;-1.7;-0.533145247237
1423.0;-1.8;-1.8;-0.547816743443
1424.0;-1.8;-1.9;-0.56250327153
1425.0;-1.8;-2.0;-0.577222560295
1426.0;-1.9;0.0;-0.310461293958
1427.0;-1.9;-0.1;-0.324366633987
1428.0;-1.9;-0.2;-0.338415244384
1429.0;-1.9;-0.3;-0.352467043877
1430.0;-1.9;-0.4;-0.366474261273
1431.0;-1.9;-0.5;-0.380451618987
1432.0;-1.9;-0.6;-0.394445279926
1433.0;-1.9;-0.7;-0.408465838182
1434.0;-1.9;-0.8;-0.422482481859
1435.0;-1.9;-0.9;-0.436480023038
1436.0;-1.9;-1.0;-0.450474477521
1437.0;-1.9;-1.1;-0.464479710074
1438.0;-1.9;-1.2;-0.478490005747
1439.0;-1.9;-1.3;-0.492495581132
1440.0;-1.9;-1.4;-0.506497938936
1441.0;-1.9;-1.5;-0.520502960414
1442.0;-1.9;-1.6;-0.534506990775
1443.0;-1.9;-1.7;-0.548503454299
1444.0;-1.9;-1.8;-0.56250327153
1445.0;-1.9;-1.9;-0.576534403291
1446.0;-1.9;-2.0;-0.590615578757
1447.0;-2.0;0.0;-0.337426586962
1448.0;-2.0;-0.1;-0.350646762989
1449.0;-2.0;-0.2;-0.363974648392
1450.0;-2.0;-0.3;-0.377320703066
1451.0;-2.0;-0.4;-0.39065848172
1452.0;-2.0;-0.5;-0.403981465546
1453.0;-2.0;-0.6;-0.41730223627
1454.0;-2.0;-0.7;-0.430630587258
1455.0;-2.0;-0.8;-0.443958910558
1456.0;-2.0;-0.9;-0.457279808509
1457.0;-2.0;-1.0;-0.470598551496
1458.0;-2.0;-1.1;-0.483923108476
1459.0;-2.0;-1.2;-0.497253566228
1460.0;-2.0;-1.3;-0.510583331587
1461.0;-2.0;-1.4;-0.523905761858
1462.0;-2.0;-1.5;-0.537220674612
1463.0;-2.0;-1.6;-0.550536625204
1464.0;-2.0;-1.7;-0.563866454517
1465.0;-2.0;-1.8;-0.577222560295
1466.0;-2.0;-1.9;-0.590615578757
1467.0;-2.0;-2.0;-0.604053077582
1468;;;;
1469;;;;
1470;;;;
1471;;;;
1472;;;;
1473.0;-0.4;-2.4;-0.487472558566
1474.0;-0.4;-2.8;-0.584280054932
1475.0;-0.4;-3.2;-0.68107523063
1476.0;-0.4;-3.6;-0.778099956193
1477.0;-0.4;-4.0;-0.875829757669
1478.0;-0.8;-2.4;-0.529889426699
1479.0;-0.8;-2.8;-0.615808688931
1480.0;-0.8;-3.2;-0.70195663756
1481.0;-0.8;-3.6;-0.788757487682
1482.0;-0.8;-4.0;-0.875805036379
1483.0;-1.2;-2.4;-0.572299009104
1484.0;-1.2;-2.8;-0.647572913283
1485.0;-1.2;-3.2;-0.723493665731
1486.0;-1.2;-3.6;-0.799646531809
1487.0;-1.2;-4.0;-0.875796292547
1488.0;-1.6;-2.4;-0.614936791319
1489.0;-1.6;-2.8;-0.679985980482
1490.0;-1.6;-3.2;-0.745260869145
1491.0;-1.6;-3.6;-0.810526373312
1492.0;-1.6;-4.0;-0.875795014315
1493.0;-2.0;-2.4;-0.658224569259
1494.0;-2.0;-2.8;-0.712626975607
1495.0;-2.0;-3.2;-0.767016469461
1496.0;-2.0;-3.6;-0.821404150265
1497.0;-2.0;-4.0;-0.875795222955
1498.0;-2.4;0.0;-0.445053417974
1499.0;-2.4;-0.4;-0.487472558567
1500.0;-2.4;-0.8;-0.529889426701
1501.0;-2.4;-1.2;-0.572299009105
1502.0;-2.4;-1.6;-0.614936791316
1503.0;-2.4;-2.0;-0.658224569259
1504.0;-2.4;-2.4;-0.701746989789
1505.0;-2.4;-2.8;-0.745260802051
1506.0;-2.4;-3.2;-0.788771730184
1507.0;-2.4;-3.6;-0.832282247931
1508.0;-2.4;-4.0;-0.875795326163
1509.0;-2.8;0.0;-0.552732576882
1510.0;-2.8;-0.4;-0.58428005493
1511.0;-2.8;-0.8;-0.615808688932
1512.0;-2.8;-1.2;-0.647572913279
1513.0;-2.8;-1.6;-0.679985980484
1514.0;-2.8;-2.0;-0.712626975608
1515.0;-2.8;-2.4;-0.74526080205
1516.0;-2.8;-2.8;-0.777894241907
1517.0;-2.8;-3.2;-0.810527505519
1518.0;-2.8;-3.6;-0.843160206466
1519.0;-2.8;-4.0;-0.875795644747
1520.0;-3.2;0.0;-0.660424328845
1521.0;-3.2;-0.4;-0.681075230629
1522.0;-3.2;-0.8;-0.701956637559
1523.0;-3.2;-1.2;-0.723493665735
1524.0;-3.2;-1.6;-0.74526086914
1525.0;-3.2;-2.0;-0.767016469462
1526.0;-3.2;-2.4;-0.788771730185
1527.0;-3.2;-2.8;-0.810527505517
1528.0;-3.2;-3.2;-0.832282860151
1529.0;-3.2;-3.6;-0.85403769543
1530.0;-3.2;-4.0;-0.875798066724
1531.0;-3.6;0.0;-0.768124591739
1532.0;-3.6;-0.4;-0.778099956193
1533.0;-3.6;-0.8;-0.788757487679
1534.0;-3.6;-1.2;-0.799646531809
1535.0;-3.6;-1.6;-0.810526373316
1536.0;-3.6;-2.0;-0.821404150263
1537.0;-3.6;-2.4;-0.832282247928
1538.0;-3.6;-2.8;-0.843160206466
1539.0;-3.6;-3.2;-0.854037695437
1540.0;-3.6;-3.6;-0.864913955388
1541.0;-3.6;-4.0;-0.875805762628
1542.0;-4.0;0.0;-0.875795444421
1543.0;-4.0;-0.4;-0.875829757671
1544.0;-4.0;-0.8;-0.875805036378
1545.0;-4.0;-1.2;-0.875796292544
1546.0;-4.0;-1.6;-0.875795014323
1547.0;-4.0;-2.0;-0.875795222958
1548.0;-4.0;-2.4;-0.875795326161
1549.0;-4.0;-2.8;-0.87579564475
1550.0;-4.0;-3.2;-0.875798066728
1551.0;-4.0;-3.6;-0.875805762614
1552.0;-4.0;-4.0;-0.875795444422
1553;;;;
1554;;;;
1555;;;;
1556;;;;
1557;;;;
1558;;;;
1559;;;;
1560;;;;
1561;;;;
1562;;;;
1563;;;;
1564;;;;
1565;;;;
1566;;;;
1567;;;;
1568;;;;
1569;;;;
1570;;;;
1571;;;;
1572;;;;
1573.0;-0.1;0.1;0.00202823304171
1574.0;-0.1;0.2;-0.00281060612467
1575.0;-0.1;0.3;-0.0111353020042
1576.0;-0.1;0.4;-0.0223031056398
1577.0;-0.1;0.5;-0.0354726982762
1578.0;-0.1;0.6;-0.0498541372206
1579.0;-0.1;0.7;-0.064890158634
1580.0;-0.1;0.8;-0.0803757689014
1581.0;-0.1;0.9;-0.0965121959086
1582.0;-0.1;1.0;-0.113685500351
1583.0;-0.1;1.1;-0.132135658807
1584.0;-0.1;1.2;-0.151896400954
1585.0;-0.1;1.3;-0.173021154961
1586.0;-0.1;1.4;-0.195684503308
1587.0;-0.1;1.5;-0.219927906248
1588.0;-0.1;1.6;-0.245416743847
1589.0;-0.1;1.7;-0.271592975782
1590.0;-0.1;1.8;-0.297991880867
1591.0;-0.1;1.9;-0.324366633988
1592.0;-0.1;2.0;-0.35064676299
1593.0;-0.2;0.1;-0.00281060612487
1594.0;-0.2;0.2;-0.0106900065663
1595.0;-0.2;0.3;-0.0214574420145
1596.0;-0.2;0.4;-0.034185074829
1597.0;-0.2;0.5;-0.0477138924529
1598.0;-0.2;0.6;-0.0615154042037
1599.0;-0.2;0.7;-0.0760079422832
1600.0;-0.2;0.8;-0.0916756360557
1601.0;-0.2;0.9;-0.108451311342
1602.0;-0.2;1.0;-0.126149410788
1603.0;-0.2;1.1;-0.14497990465
1604.0;-0.2;1.2;-0.165364504671
1605.0;-0.2;1.3;-0.187465396476
1606.0;-0.2;1.4;-0.211111344162
1607.0;-0.2;1.5;-0.235980404996
1608.0;-0.2;1.6;-0.261561990683
1609.0;-0.2;1.7;-0.287286613492
1610.0;-0.2;1.8;-0.312883811337
1611.0;-0.2;1.9;-0.338415244385
1612.0;-0.2;2.0;-0.363974648394
1613.0;-0.3;0.1;-0.0111353020052
1614.0;-0.3;0.2;-0.0214574420147
1615.0;-0.3;0.3;-0.0335616074247
1616.0;-0.3;0.4;-0.0465996908617
1617.0;-0.3;0.5;-0.0599889340054
1618.0;-0.3;0.6;-0.073695089328
1619.0;-0.3;0.7;-0.0882646600694
1620.0;-0.3;0.8;-0.104166831012
1621.0;-0.3;0.9;-0.121359010434
1622.0;-0.3;1.0;-0.139672276789
1623.0;-0.3;1.1;-0.159290487767
1624.0;-0.3;1.2;-0.180579118888
1625.0;-0.3;1.3;-0.203552713996
1626.0;-0.3;1.4;-0.227769100657
1627.0;-0.3;1.5;-0.252683899497
1628.0;-0.3;1.6;-0.277826447626
1629.0;-0.3;1.7;-0.302852756076
1630.0;-0.3;1.8;-0.327683692664
1631.0;-0.3;1.9;-0.352467043878
1632.0;-0.3;2.0;-0.377320703068
1633.0;-0.4;0.1;-0.022303105641
1634.0;-0.4;0.2;-0.0341850748291
1635.0;-0.4;0.3;-0.0465996908614
1636.0;-0.4;0.4;-0.0590920163986
1637.0;-0.4;0.5;-0.0721960044268
1638.0;-0.4;0.6;-0.0863866864192
1639.0;-0.4;0.7;-0.101648136038
1640.0;-0.4;0.8;-0.117932255354
1641.0;-0.4;0.9;-0.135460907648
1642.0;-0.4;1.0;-0.154513373684
1643.0;-0.4;1.1;-0.175203967481
1644.0;-0.4;1.2;-0.197464604152
1645.0;-0.4;1.3;-0.220994827073
1646.0;-0.4;1.4;-0.245230852595
1647.0;-0.4;1.5;-0.269616407699
1648.0;-0.4;1.6;-0.293915367745
1649.0;-0.4;1.7;-0.318133531369
1650.0;-0.4;1.8;-0.342310130807
1651.0;-0.4;1.9;-0.366474261272
1652.0;-0.4;2.0;-0.39065848172
1653.0;-0.5;0.1;-0.0354726982765
1654.0;-0.5;0.2;-0.0477138924524
1655.0;-0.5;0.3;-0.0599889340047
1656.0;-0.5;0.4;-0.0721960044264
1657.0;-0.5;0.5;-0.0853313807257
1658.0;-0.5;0.6;-0.100025051115
1659.0;-0.5;0.7;-0.115978650798
1660.0;-0.5;0.8;-0.132894322633
1661.0;-0.5;0.9;-0.151103755326
1662.0;-0.5;1.0;-0.171057469391
1663.0;-0.5;1.1;-0.192703139085
1664.0;-0.5;1.2;-0.215569406253
1665.0;-0.5;1.3;-0.239126167995
1666.0;-0.5;1.4;-0.26288182518
1667.0;-0.5;1.5;-0.286480326848
1668.0;-0.5;1.6;-0.309912156291
1669.0;-0.5;1.7;-0.333362382255
1670.0;-0.5;1.8;-0.356898469436
1671.0;-0.5;1.9;-0.380451618986
1672.0;-0.5;2.0;-0.403981465546
1673.0;-0.6;0.1;-0.0498541372195
1674.0;-0.6;0.2;-0.0615154042021
1675.0;-0.6;0.3;-0.0736950893268
1676.0;-0.6;0.4;-0.0863866864185
1677.0;-0.6;0.5;-0.100025051115
1678.0;-0.6;0.6;-0.115004274378
1679.0;-0.6;0.7;-0.1313936444
1680.0;-0.6;0.8;-0.149157789323
1681.0;-0.6;0.9;-0.168422132063
1682.0;-0.6;1.0;-0.189295041112
1683.0;-0.6;1.1;-0.211488010022
1684.0;-0.6;1.2;-0.234367964017
1685.0;-0.6;1.3;-0.257395092644
1686.0;-0.6;1.4;-0.280341050752
1687.0;-0.6;1.5;-0.303167988097
1688.0;-0.6;1.6;-0.325929876222
1689.0;-0.6;1.7;-0.348719213232
1690.0;-0.6;1.8;-0.371571310244
1691.0;-0.6;1.9;-0.394445279925
1692.0;-0.6;2.0;-0.417302236271
1693.0;-0.7;0.1;-0.0648901586322
1694.0;-0.7;0.2;-0.0760079422815
1695.0;-0.7;0.3;-0.0882646600681
1696.0;-0.7;0.4;-0.101648136037
1697.0;-0.7;0.5;-0.115978650798
1698.0;-0.7;0.6;-0.1313936444
1699.0;-0.7;0.7;-0.148338862328
1700.0;-0.7;0.8;-0.167033112605
1701.0;-0.7;0.9;-0.187291015265
1702.0;-0.7;1.0;-0.208758384979
1703.0;-0.7;1.1;-0.23096743778
1704.0;-0.7;1.2;-0.25336032738
1705.0;-0.7;1.3;-0.275579318742
1706.0;-0.7;1.4;-0.297666314951
1707.0;-0.7;1.5;-0.319790319763
1708.0;-0.7;1.6;-0.341968555807
1709.0;-0.7;1.7;-0.364142666243
1710.0;-0.7;1.8;-0.386302685264
1711.0;-0.7;1.9;-0.408465838181
1712.0;-0.7;2.0;-0.43063058726
1713.0;-0.8;0.1;-0.0803757689005
1714.0;-0.8;0.2;-0.0916756360551
1715.0;-0.8;0.3;-0.104166831011
1716.0;-0.8;0.4;-0.117932255354
1717.0;-0.8;0.5;-0.132894322632
1718.0;-0.8;0.6;-0.149157789322
1719.0;-0.8;0.7;-0.167033112605
1720.0;-0.8;0.8;-0.186590094762
1721.0;-0.8;0.9;-0.207413485445
1722.0;-0.8;1.0;-0.228897795209
1723.0;-0.8;1.1;-0.250582483254
1724.0;-0.8;1.2;-0.272196945711
1725.0;-0.8;1.3;-0.293647507704
1726.0;-0.8;1.4;-0.315032283126
1727.0;-0.8;1.5;-0.33648676815
1728.0;-0.8;1.6;-0.358011893903
1729.0;-0.8;1.7;-0.379529723512
1730.0;-0.8;1.8;-0.401011847351
1731.0;-0.8;1.9;-0.422482481859
1732.0;-0.8;2.0;-0.443958910561
1733.0;-0.9;0.1;-0.0965121959087
1734.0;-0.9;0.2;-0.108451311343
1735.0;-0.9;0.3;-0.121359010434
1736.0;-0.9;0.4;-0.135460907648
1737.0;-0.9;0.5;-0.151103755326
1738.0;-0.9;0.6;-0.168422132063
1739.0;-0.9;0.7;-0.187291015265
1740.0;-0.9;0.8;-0.207413485445
1741.0;-0.9;0.9;-0.228264062577
1742.0;-0.9;1.0;-0.249255092374
1743.0;-0.9;1.1;-0.270107921341
1744.0;-0.9;1.2;-0.29087703662
1745.0;-0.9;1.3;-0.311657579404
1746.0;-0.9;1.4;-0.332451253387
1747.0;-0.9;1.5;-0.353250524028
1748.0;-0.9;1.6;-0.374062701882
1749.0;-0.9;1.7;-0.394878206127
1750.0;-0.9;1.8;-0.415682937251
1751.0;-0.9;1.9;-0.436480023038
1752.0;-0.9;2.0;-0.45727980851
1753.0;-1.0;0.1;-0.113685500351
1754.0;-1.0;0.2;-0.126149410788
1755.0;-1.0;0.3;-0.139672276789
1756.0;-1.0;0.4;-0.154513373685
1757.0;-1.0;0.5;-0.171057469392
1758.0;-1.0;0.6;-0.189295041113
1759.0;-1.0;0.7;-0.208758384979
1760.0;-1.0;0.8;-0.228897795207
1761.0;-1.0;0.9;-0.249255092373
1762.0;-1.0;1.0;-0.269496403708
1763.0;-1.0;1.1;-0.289550572428
1764.0;-1.0;1.2;-0.309578448646
1765.0;-1.0;1.3;-0.329699984674
1766.0;-1.0;1.4;-0.349866061612
1767.0;-1.0;1.5;-0.370003412291
1768.0;-1.0;1.6;-0.390114574822
1769.0;-1.0;1.7;-0.410228645456
1770.0;-1.0;1.8;-0.430350923551
1771.0;-1.0;1.9;-0.450474477519
1772.0;-1.0;2.0;-0.470598551495
1773.0;-1.1;0.1;-0.132135658806
1774.0;-1.1;0.2;-0.144979904648
1775.0;-1.1;0.3;-0.159290487766
1776.0;-1.1;0.4;-0.175203967482
1777.0;-1.1;0.5;-0.192703139087
1778.0;-1.1;0.6;-0.211488010023
1779.0;-1.1;0.7;-0.230967437779
1780.0;-1.1;0.8;-0.250582483252
1781.0;-1.1;0.9;-0.27010792134
1782.0;-1.1;1.0;-0.289550572427
1783.0;-1.1;1.1;-0.308953641207
1784.0;-1.1;1.2;-0.328359485477
1785.0;-1.1;1.3;-0.347801688727
1786.0;-1.1;1.4;-0.367267744256
1787.0;-1.1;1.5;-0.38672255599
1788.0;-1.1;1.6;-0.406158834881
1789.0;-1.1;1.7;-0.425593186498
1790.0;-1.1;1.8;-0.44503493184
1791.0;-1.1;1.9;-0.464479710071
1792.0;-1.1;2.0;-0.483923108473
1793.0;-1.2;0.1;-0.151896400952
1794.0;-1.2;0.2;-0.165364504669
1795.0;-1.2;0.3;-0.180579118887
1796.0;-1.2;0.4;-0.197464604154
1797.0;-1.2;0.5;-0.215569406256
1798.0;-1.2;0.6;-0.234367964019
1799.0;-1.2;0.7;-0.25336032738
1800.0;-1.2;0.8;-0.27219694571
1801.0;-1.2;0.9;-0.290877036619
1802.0;-1.2;1.0;-0.309578448646
1803.0;-1.2;1.1;-0.328359485477
1804.0;-1.2;1.2;-0.347151103837
1805.0;-1.2;1.3;-0.365915103438
1806.0;-1.2;1.4;-0.384671815392
1807.0;-1.2;1.5;-0.403434856519
1808.0;-1.2;1.6;-0.42219882579
1809.0;-1.2;1.7;-0.440961061669
1810.0;-1.2;1.8;-0.459724811058
1811.0;-1.2;1.9;-0.478490005744
1812.0;-1.2;2.0;-0.497253566224
1813.0;-1.3;0.1;-0.173021154961
1814.0;-1.3;0.2;-0.187465396476
1815.0;-1.3;0.3;-0.203552713996
1816.0;-1.3;0.4;-0.220994827074
1817.0;-1.3;0.5;-0.239126167996
1818.0;-1.3;0.6;-0.257395092644
1819.0;-1.3;0.7;-0.275579318741
1820.0;-1.3;0.8;-0.293647507704
1821.0;-1.3;0.9;-0.311657579405
1822.0;-1.3;1.0;-0.329699984676
1823.0;-1.3;1.1;-0.347801688729
1824.0;-1.3;1.2;-0.36591510344
1825.0;-1.3;1.3;-0.384003509723
1826.0;-1.3;1.4;-0.402077368868
1827.0;-1.3;1.5;-0.420156148847
1828.0;-1.3;1.6;-0.438241257981
1829.0;-1.3;1.7;-0.456326015373
1830.0;-1.3;1.8;-0.474409597399
1831.0;-1.3;1.9;-0.49249558113
1832.0;-1.3;2.0;-0.510583331585
1833.0;-1.4;0.1;-0.19568450331
1834.0;-1.4;0.2;-0.211111344163
1835.0;-1.4;0.3;-0.227769100657
1836.0;-1.4;0.4;-0.245230852595
1837.0;-1.4;0.5;-0.26288182518
1838.0;-1.4;0.6;-0.280341050751
1839.0;-1.4;0.7;-0.297666314951
1840.0;-1.4;0.8;-0.315032283126
1841.0;-1.4;0.9;-0.332451253389
1842.0;-1.4;1.0;-0.349866061614
1843.0;-1.4;1.1;-0.367267744259
1844.0;-1.4;1.2;-0.384671815394
1845.0;-1.4;1.3;-0.402077368869
1846.0;-1.4;1.4;-0.419479385433
1847.0;-1.4;1.5;-0.436881241293
1848.0;-1.4;1.6;-0.454285708818
1849.0;-1.4;1.7;-0.471690090243
1850.0;-1.4;1.8;-0.489092955511
1851.0;-1.4;1.9;-0.506497938936
1852.0;-1.4;2.0;-0.523905761858
1853.0;-1.5;0.1;-0.21992790625
1854.0;-1.5;0.2;-0.235980404998
1855.0;-1.5;0.3;-0.252683899497
1856.0;-1.5;0.4;-0.269616407698
1857.0;-1.5;0.5;-0.286480326846
1858.0;-1.5;0.6;-0.303167988095
1859.0;-1.5;0.7;-0.319790319762
1860.0;-1.5;0.8;-0.33648676815
1861.0;-1.5;0.9;-0.353250524028
1862.0;-1.5;1.0;-0.370003412291
1863.0;-1.5;1.1;-0.38672255599
1864.0;-1.5;1.2;-0.40343485652
1865.0;-1.5;1.3;-0.420156148848
1866.0;-1.5;1.4;-0.436881241294
1867.0;-1.5;1.5;-0.453604850981
1868.0;-1.5;1.6;-0.470328781164
1869.0;-1.5;1.7;-0.487055051902
1870.0;-1.5;1.8;-0.503781074281
1871.0;-1.5;1.9;-0.520502960415
1872.0;-1.5;2.0;-0.537220674612
1873.0;-1.6;0.1;-0.245416743848
1874.0;-1.6;0.2;-0.261561990684
1875.0;-1.6;0.3;-0.277826447626
1876.0;-1.6;0.4;-0.293915367743
1877.0;-1.6;0.5;-0.309912156289
1878.0;-1.6;0.6;-0.325929876221
1879.0;-1.6;0.7;-0.341968555807
1880.0;-1.6;0.8;-0.358011893903
1881.0;-1.6;0.9;-0.37406270188
1882.0;-1.6;1.0;-0.390114574819
1883.0;-1.6;1.1;-0.406158834878
1884.0;-1.6;1.2;-0.422198825788
1885.0;-1.6;1.3;-0.438241257981
1886.0;-1.6;1.4;-0.454285708819
1887.0;-1.6;1.5;-0.470328781165
1888.0;-1.6;1.6;-0.486372168544
1889.0;-1.6;1.7;-0.502419963341
1890.0;-1.6;1.8;-0.518468377997
1891.0;-1.6;1.9;-0.534506990775
1892.0;-1.6;2.0;-0.550536625203
1893.0;-1.7;0.1;-0.271592975782
1894.0;-1.7;0.2;-0.287286613492
1895.0;-1.7;0.3;-0.302852756075
1896.0;-1.7;0.4;-0.318133531368
1897.0;-1.7;0.5;-0.333362382255
1898.0;-1.7;0.6;-0.348719213232
1899.0;-1.7;0.7;-0.364142666244
1900.0;-1.7;0.8;-0.379529723512
1901.0;-1.7;0.9;-0.394878206125
1902.0;-1.7;1.0;-0.410228645453
1903.0;-1.7;1.1;-0.425593186496
1904.0;-1.7;1.2;-0.440961061667
1905.0;-1.7;1.3;-0.456326015373
1906.0;-1.7;1.4;-0.471690090243
1907.0;-1.7;1.5;-0.487055051902
1908.0;-1.7;1.6;-0.502419963341
1909.0;-1.7;1.7;-0.517783796251
1910.0;-1.7;1.8;-0.533145247237
1911.0;-1.7;1.9;-0.548503454298
1912.0;-1.7;2.0;-0.563866454516
1913.0;-1.8;0.1;-0.297991880866
1914.0;-1.8;0.2;-0.312883811337
1915.0;-1.8;0.3;-0.327683692665
1916.0;-1.8;0.4;-0.342310130808
1917.0;-1.8;0.5;-0.356898469437
1918.0;-1.8;0.6;-0.371571310246
1919.0;-1.8;0.7;-0.386302685265
1920.0;-1.8;0.8;-0.401011847351
1921.0;-1.8;0.9;-0.41568293725
1922.0;-1.8;1.0;-0.43035092355
1923.0;-1.8;1.1;-0.44503493184
1924.0;-1.8;1.2;-0.459724811059
1925.0;-1.8;1.3;-0.474409597399
1926.0;-1.8;1.4;-0.489092955511
1927.0;-1.8;1.5;-0.50378107428
1928.0;-1.8;1.6;-0.518468377997
1929.0;-1.8;1.7;-0.533145247237
1930.0;-1.8;1.8;-0.547816743443
1931.0;-1.8;1.9;-0.56250327153
1932.0;-1.8;2.0;-0.577222560295
1933.0;-1.9;0.1;-0.324366633987
1934.0;-1.9;0.2;-0.338415244384
1935.0;-1.9;0.3;-0.352467043877
1936.0;-1.9;0.4;-0.366474261273
1937.0;-1.9;0.5;-0.380451618987
1938.0;-1.9;0.6;-0.394445279926
1939.0;-1.9;0.7;-0.408465838182
1940.0;-1.9;0.8;-0.422482481859
1941.0;-1.9;0.9;-0.436480023038
1942.0;-1.9;1.0;-0.450474477521
1943.0;-1.9;1.1;-0.464479710074
1944.0;-1.9;1.2;-0.478490005747
1945.0;-1.9;1.3;-0.492495581132
1946.0;-1.9;1.4;-0.506497938936
1947.0;-1.9;1.5;-0.520502960414
1948.0;-1.9;1.6;-0.534506990775
1949.0;-1.9;1.7;-0.548503454299
1950.0;-1.9;1.8;-0.56250327153
1951.0;-1.9;1.9;-0.576534403291
1952.0;-1.9;2.0;-0.590615578757
1953.0;-2.0;0.1;-0.350646762989
1954.0;-2.0;0.2;-0.363974648392
1955.0;-2.0;0.3;-0.377320703066
1956.0;-2.0;0.4;-0.39065848172
1957.0;-2.0;0.5;-0.403981465546
1958.0;-2.0;0.6;-0.41730223627
1959.0;-2.0;0.7;-0.430630587258
1960.0;-2.0;0.8;-0.443958910558
1961.0;-2.0;0.9;-0.457279808509
1962.0;-2.0;1.0;-0.470598551496
1963.0;-2.0;1.1;-0.483923108476
1964.0;-2.0;1.2;-0.497253566228
1965.0;-2.0;1.3;-0.510583331587
1966.0;-2.0;1.4;-0.523905761858
1967.0;-2.0;1.5;-0.537220674612
1968.0;-2.0;1.6;-0.550536625204
1969.0;-2.0;1.7;-0.563866454517
1970.0;-2.0;1.8;-0.577222560295
1971.0;-2.0;1.9;-0.590615578757
1972.0;-2.0;2.0;-0.604053077582
1973;;;;
1974;;;;
1975;;;;
1976;;;;
1977;;;;
1978.0;-0.4;2.4;-0.487472558566
1979.0;-0.4;2.8;-0.584280054932
1980.0;-0.4;3.2;-0.68107523063
1981.0;-0.4;3.6;-0.778099956193
1982.0;-0.4;4.0;-0.875829757669
1983.0;-0.8;2.4;-0.529889426699
1984.0;-0.8;2.8;-0.615808688931
1985.0;-0.8;3.2;-0.70195663756
1986.0;-0.8;3.6;-0.788757487682
1987.0;-0.8;4.0;-0.875805036379
1988.0;-1.2;2.4;-0.572299009104
1989.0;-1.2;2.8;-0.647572913283
1990.0;-1.2;3.2;-0.723493665731
1991.0;-1.2;3.6;-0.799646531809
1992.0;-1.2;4.0;-0.875796292547
1993.0;-1.6;2.4;-0.614936791319
1994.0;-1.6;2.8;-0.679985980482
1995.0;-1.6;3.2;-0.745260869145
1996.0;-1.6;3.6;-0.810526373312
1997.0;-1.6;4.0;-0.875795014315
1998.0;-2.0;2.4;-0.658224569259
1999.0;-2.0;2.8;-0.712626975607
2000.0;-2.0;3.2;-0.767016469461
2001.0;0.0;0.0;-0
2002.0;-2.0;3.6;-0.821404150265
2003.0;-2.0;4.0;-0.875795222955
2004.0;-2.4;0.4;-0.487472558567
2005.0;-2.4;0.8;-0.529889426701
2006.0;-2.4;1.2;-0.572299009105
2007.0;-2.4;1.6;-0.614936791316
2008.0;-2.4;2.0;-0.658224569259
2009.0;-2.4;2.4;-0.701746989789
2010.0;-2.4;2.8;-0.745260802051
2011.0;-2.4;3.2;-0.788771730184
2012.0;-2.4;3.6;-0.832282247931
2013.0;-2.4;4.0;-0.875795326163
2014.0;-2.8;0.4;-0.58428005493
2015.0;-2.8;0.8;-0.615808688932
2016.0;-2.8;1.2;-0.647572913279
2017.0;-2.8;1.6;-0.679985980484
2018.0;-2.8;2.0;-0.712626975608
2019.0;-2.8;2.4;-0.74526080205
2020.0;-2.8;2.8;-0.777894241907
2021.0;-2.8;3.2;-0.810527505519
2022.0;-2.8;3.6;-0.843160206466
2023.0;-2.8;4.0;-0.875795644747
2024.0;-3.2;0.4;-0.681075230629
2025.0;-3.2;0.8;-0.701956637559
2026.0;-3.2;1.2;-0.723493665735
2027.0;-3.2;1.6;-0.74526086914
2028.0;-3.2;2.0;-0.767016469462
2029.0;-3.2;2.4;-0.788771730185
2030.0;-3.2;2.8;-0.810527505517
2031.0;-3.2;3.2;-0.832282860151
2032.0;-3.2;3.6;-0.85403769543
2033.0;-3.2;4.0;-0.875798066724
2034.0;-3.6;0.4;-0.778099956193
2035.0;-3.6;0.8;-0.788757487679
2036.0;-3.6;1.2;-0.799646531809
2037.0;-3.6;1.6;-0.810526373316
2038.0;-3.6;2.0;-0.821404150263
2039.0;-3.6;2.4;-0.832282247928
2040.0;-3.6;2.8;-0.843160206466
2041.0;-3.6;3.2;-0.854037695437
2042.0;-3.6;3.6;-0.864913955388
2043.0;-3.6;4.0;-0.875805762628
2044.0;-4.0;0.4;-0.875829757671
2045.0;-4.0;0.8;-0.875805036378
2046.0;-4.0;1.2;-0.875796292544
2047.0;-4.0;1.6;-0.875795014323
2048.0;-4.0;2.0;-0.875795222958
2049.0;-4.0;2.4;-0.875795326161
2050.0;-4.0;2.8;-0.87579564475
2051.0;-4.0;3.2;-0.875798066728
2052.0;-4.0;3.6;-0.875805762614
2053.0;-4.0;4.0;-0.875795444422
