element_number;x[m];y[m];t[mm]
1.0;-3.375;-3.375;60.1294220835
2.0;-3.375;-3.125;60.1320973247
3.0;-3.375;-2.875;60.1328080545
4.0;-3.375;-2.625;60.1349975765
5.0;-3.375;-2.375;60.1370928259
6.0;-3.375;-2.125;60.1394526467
7.0;-3.375;-1.875;60.141976937
8.0;-3.375;-1.625;60.1448581252
9.0;-3.375;-1.375;60.1480745542
10.0;-3.375;-1.125;60.1518146227
11.0;-3.375;-0.875;60.1596733208
12.0;-3.375;-0.625;60.1647485753
13.0;-3.375;-0.375;60.179999469
14.0;-3.375;-0.125;60.3395572725
15.0;-3.125;-3.375;60.1320849315
16.0;-3.125;-3.125;60.1304067918
17.0;-3.125;-2.875;60.1296862124
18.0;-3.125;-2.625;60.1298305243
19.0;-3.125;-2.375;60.1298806761
20.0;-3.125;-2.125;60.1295720643
21.0;-3.125;-1.875;60.129747112
22.0;-3.125;-1.625;60.1296811676
23.0;-3.125;-1.375;60.1293200351
24.0;-3.125;-1.125;60.1297820928
25.0;-3.125;-0.875;60.129642539
26.0;-3.125;-0.625;60.1279445818
27.0;-3.125;-0.375;60.1299396264
28.0;-3.125;-0.125;60.1371648113
29.0;-2.875;-3.375;60.1328009315
30.0;-2.875;-3.125;60.1296842949
31.0;-2.875;-2.875;60.1292933712
32.0;-2.875;-2.625;60.1294347151
33.0;-2.875;-2.375;60.1293160893
34.0;-2.875;-2.125;60.1292029753
35.0;-2.875;-1.875;60.1290477814
36.0;-2.875;-1.625;60.1288982149
37.0;-2.875;-1.375;60.1287776649
38.0;-2.875;-1.125;60.1284880427
39.0;-2.875;-0.875;60.1280755165
40.0;-2.875;-0.625;60.1281989013
41.0;-2.875;-0.375;60.1262862463
42.0;-2.875;-0.125;60.1144192664
43.0;-2.625;-3.375;60.1349977465
44.0;-2.625;-3.125;60.1298299887
45.0;-2.625;-2.875;60.1294359046
46.0;-2.625;-2.625;60.1298370895
47.0;-2.625;-2.375;60.1298207829
48.0;-2.625;-2.125;60.1298359638
49.0;-2.625;-1.875;60.1298692718
50.0;-2.625;-1.625;60.1299012196
51.0;-2.625;-1.375;60.1299883375
52.0;-2.625;-1.125;60.1299713206
53.0;-2.625;-0.875;60.1296931823
54.0;-2.625;-0.625;60.1321382185
55.0;-2.625;-0.375;60.1301988762
56.0;-2.625;-0.125;60.1008269277
57.0;-2.375;-3.375;60.1370986588
58.0;-2.375;-3.125;60.1298807707
59.0;-2.375;-2.875;60.129318223
60.0;-2.375;-2.625;60.1298223169
61.0;-2.375;-2.375;60.1297510667
62.0;-2.375;-2.125;60.1297311341
63.0;-2.375;-1.875;60.1297365497
64.0;-2.375;-1.625;60.1297292635
65.0;-2.375;-1.375;60.1297902305
66.0;-2.375;-1.125;60.1296783438
67.0;-2.375;-0.875;60.1287678234
68.0;-2.375;-0.625;60.1350381785
69.0;-2.375;-0.375;60.1279125065
70.0;-2.375;-0.125;60.0606822561
71.0;-2.125;-3.375;60.1394638192
72.0;-2.125;-3.125;60.1295717572
73.0;-2.125;-2.875;60.1292042087
74.0;-2.125;-2.625;60.1298365142
75.0;-2.125;-2.375;60.1297297689
76.0;-2.125;-2.125;60.1297202323
77.0;-2.125;-1.875;60.1297247598
78.0;-2.125;-1.625;60.129715176
79.0;-2.125;-1.375;60.1298188964
80.0;-2.125;-1.125;60.1296101041
81.0;-2.125;-0.875;60.1294986528
82.0;-2.125;-0.625;60.1302570024
83.0;-2.125;-0.375;60.1471047529
84.0;-2.125;-0.125;59.9182273311
85.0;-1.875;-3.375;60.1419941816
86.0;-1.875;-3.125;60.1297488828
87.0;-1.875;-2.875;60.1290515068
88.0;-1.875;-2.625;60.1298731137
89.0;-1.875;-2.375;60.1297388012
90.0;-1.875;-2.125;60.1297287971
91.0;-1.875;-1.875;60.1297316594
92.0;-1.875;-1.625;60.1297457384
93.0;-1.875;-1.375;60.1296628738
94.0;-1.875;-1.125;60.1298634097
95.0;-1.875;-0.875;60.1272552135
96.0;-1.875;-0.625;60.1455405971
97.0;-1.875;-0.375;60.1239719382
98.0;-1.875;-0.125;61.6918796165
99.0;-1.625;-3.375;60.1448815347
100.0;-1.625;-3.125;60.1296835873
101.0;-1.625;-2.875;60.1289022221
102.0;-1.625;-2.625;60.1299057124
103.0;-1.625;-2.375;60.129732098
104.0;-1.625;-2.125;60.1297197522
105.0;-1.625;-1.875;60.1297462788
106.0;-1.625;-1.625;60.129690971
107.0;-1.625;-1.375;60.1304046709
108.0;-1.625;-1.125;60.1286261342
109.0;-1.625;-0.875;60.1474197831
110.0;-1.625;-0.625;60.0654272304
111.0;-1.625;-0.375;61.6639133646
112.0;-1.625;-0.125;72.0569238137
113.0;-1.375;-3.375;60.1481056832
114.0;-1.375;-3.125;60.1293226737
115.0;-1.375;-2.875;60.1287808288
116.0;-1.375;-2.625;60.1299920354
117.0;-1.375;-2.375;60.1297919584
118.0;-1.375;-2.125;60.1298221136
119.0;-1.375;-1.875;60.1296624163
120.0;-1.375;-1.625;60.130404259
121.0;-1.375;-1.375;60.1250174778
122.0;-1.375;-1.125;60.1448588347
123.0;-1.375;-0.875;60.0483093752
124.0;-1.375;-0.625;61.7635413479
125.0;-1.375;-0.375;72.0321136845
126.0;-1.375;-0.125;92.0072905518
127.0;-1.125;-3.375;60.1518522205
128.0;-1.125;-3.125;60.1297852008
129.0;-1.125;-2.875;60.1284910439
130.0;-1.125;-2.625;60.1299755421
131.0;-1.125;-2.375;60.1296803852
132.0;-1.125;-2.125;60.1296137087
133.0;-1.125;-1.875;60.1298627576
134.0;-1.125;-1.625;60.1286247707
135.0;-1.125;-1.375;60.1448549994
136.0;-1.125;-1.125;60.1292214033
137.0;-1.125;-0.875;61.685658626
138.0;-1.125;-0.625;72.0238282703
139.0;-1.125;-0.375;91.9815992669
140.0;-1.125;-0.125;121.285326569
141.0;-0.875;-3.375;60.1597111849
142.0;-0.875;-3.125;60.1296364961
143.0;-0.875;-2.875;60.1280679085
144.0;-0.875;-2.625;60.129686571
145.0;-0.875;-2.375;60.1287577487
146.0;-0.875;-2.125;60.1294865921
147.0;-0.875;-1.875;60.1272369282
148.0;-0.875;-1.625;60.1473961507
149.0;-0.875;-1.375;60.0482694677
150.0;-0.875;-1.125;61.6856173091
151.0;-0.875;-0.875;72.0455217019
152.0;-0.875;-0.625;91.9708062819
153.0;-0.875;-0.375;121.254611712
154.0;-0.875;-0.125;159.816177774
155.0;-0.625;-3.375;60.164873675
156.0;-0.625;-3.125;60.1280078698
157.0;-0.625;-2.875;60.1282576672
158.0;-0.625;-2.625;60.1322064346
159.0;-0.625;-2.375;60.1351145312
160.0;-0.625;-2.125;60.1303436656
161.0;-0.625;-1.875;60.1456462125
162.0;-0.625;-1.625;60.0655604923
163.0;-0.625;-1.375;61.763712022
164.0;-0.625;-1.125;72.0241022645
165.0;-0.625;-0.875;91.9714399302
166.0;-0.625;-0.625;121.245342361
167.0;-0.625;-0.375;159.768757798
168.0;-0.625;-0.125;207.356570697
169.0;-0.375;-3.375;60.1800725201
170.0;-0.375;-3.125;60.1299204359
171.0;-0.375;-2.875;60.1262905064
172.0;-0.375;-2.625;60.1301920984
173.0;-0.375;-2.375;60.1278887407
174.0;-0.375;-2.125;60.1471137098
175.0;-0.375;-1.875;60.1239371554
176.0;-0.375;-1.625;61.6638648557
177.0;-0.375;-1.375;72.0321965391
178.0;-0.375;-1.125;91.9813891902
179.0;-0.375;-0.875;121.254059895
180.0;-0.375;-0.625;159.76899307
181.0;-0.375;-0.375;207.42654812
182.0;-0.375;-0.125;264.382588484
183.0;-0.125;-3.375;60.3382478416
184.0;-0.125;-3.125;60.1362455839
185.0;-0.125;-2.875;60.1134516009
186.0;-0.125;-2.625;60.0997600425
187.0;-0.125;-2.375;60.0594756108
188.0;-0.125;-2.125;59.9167758003
189.0;-0.125;-1.875;61.6901314917
190.0;-0.125;-1.625;72.0546686163
191.0;-0.125;-1.375;92.0045361936
192.0;-0.125;-1.125;121.280851097
193.0;-0.125;-0.875;159.804589634
194.0;-0.125;-0.625;207.366623491
195.0;-0.125;-0.375;264.334675943
196.0;-0.125;-0.125;310.884780317
197.0;0.125;-3.375;60.3382478416
198.0;0.125;-3.125;60.1362455839
199.0;0.125;-2.875;60.1134516009
200.0;0.125;-2.625;60.0997600426
201.0;0.125;-2.375;60.0594756108
202.0;0.125;-2.125;59.9167758003
203.0;0.125;-1.875;61.6901314917
204.0;0.125;-1.625;72.0546686164
205.0;0.125;-1.375;92.0045361936
206.0;0.125;-1.125;121.280851097
207.0;0.125;-0.875;159.804589634
208.0;0.125;-0.625;207.366623491
209.0;0.125;-0.375;264.334675943
210.0;0.125;-0.125;310.884780317
211.0;0.375;-3.375;60.1800725201
212.0;0.375;-3.125;60.1299204359
213.0;0.375;-2.875;60.1262905064
214.0;0.375;-2.625;60.1301920984
215.0;0.375;-2.375;60.1278887407
216.0;0.375;-2.125;60.1471137098
217.0;0.375;-1.875;60.1239371554
218.0;0.375;-1.625;61.6638648557
219.0;0.375;-1.375;72.0321965391
220.0;0.375;-1.125;91.9813891902
221.0;0.375;-0.875;121.254059895
222.0;0.375;-0.625;159.76899307
223.0;0.375;-0.375;207.42654812
224.0;0.375;-0.125;264.382588484
225.0;0.625;-3.375;60.164873675
226.0;0.625;-3.125;60.1280078698
227.0;0.625;-2.875;60.1282576672
228.0;0.625;-2.625;60.1322064346
229.0;0.625;-2.375;60.1351145312
230.0;0.625;-2.125;60.1303436656
231.0;0.625;-1.875;60.1456462125
232.0;0.625;-1.625;60.0655604923
233.0;0.625;-1.375;61.763712022
234.0;0.625;-1.125;72.0241022645
235.0;0.625;-0.875;91.9714399302
236.0;0.625;-0.625;121.245342361
237.0;0.625;-0.375;159.768757798
238.0;0.625;-0.125;207.356570697
239.0;0.875;-3.375;60.1597111849
240.0;0.875;-3.125;60.1296364961
241.0;0.875;-2.875;60.1280679085
242.0;0.875;-2.625;60.129686571
243.0;0.875;-2.375;60.1287577487
244.0;0.875;-2.125;60.1294865921
245.0;0.875;-1.875;60.1272369282
246.0;0.875;-1.625;60.1473961506
247.0;0.875;-1.375;60.0482694677
248.0;0.875;-1.125;61.6856173091
249.0;0.875;-0.875;72.0455217019
250.0;0.875;-0.625;91.9708062819
251.0;0.875;-0.375;121.254611712
252.0;0.875;-0.125;159.816177774
253.0;1.125;-3.375;60.1518522205
254.0;1.125;-3.125;60.1297852008
255.0;1.125;-2.875;60.1284910439
256.0;1.125;-2.625;60.1299755421
257.0;1.125;-2.375;60.1296803852
258.0;1.125;-2.125;60.1296137087
259.0;1.125;-1.875;60.1298627576
260.0;1.125;-1.625;60.1286247707
261.0;1.125;-1.375;60.1448549994
262.0;1.125;-1.125;60.1292214033
263.0;1.125;-0.875;61.685658626
264.0;1.125;-0.625;72.0238282703
265.0;1.125;-0.375;91.9815992669
266.0;1.125;-0.125;121.285326569
267.0;1.375;-3.375;60.1481056832
268.0;1.375;-3.125;60.1293226737
269.0;1.375;-2.875;60.1287808288
270.0;1.375;-2.625;60.1299920354
271.0;1.375;-2.375;60.1297919584
272.0;1.375;-2.125;60.1298221137
273.0;1.375;-1.875;60.1296624163
274.0;1.375;-1.625;60.130404259
275.0;1.375;-1.375;60.1250174778
276.0;1.375;-1.125;60.1448588347
277.0;1.375;-0.875;60.0483093752
278.0;1.375;-0.625;61.7635413479
279.0;1.375;-0.375;72.0321136845
280.0;1.375;-0.125;92.0072905518
281.0;1.625;-3.375;60.1448815347
282.0;1.625;-3.125;60.1296835872
283.0;1.625;-2.875;60.1289022221
284.0;1.625;-2.625;60.1299057124
285.0;1.625;-2.375;60.129732098
286.0;1.625;-2.125;60.1297197522
287.0;1.625;-1.875;60.1297462788
288.0;1.625;-1.625;60.129690971
289.0;1.625;-1.375;60.1304046709
290.0;1.625;-1.125;60.1286261342
291.0;1.625;-0.875;60.1474197831
292.0;1.625;-0.625;60.0654272303
293.0;1.625;-0.375;61.6639133646
294.0;1.625;-0.125;72.0569238137
295.0;1.875;-3.375;60.1419941816
296.0;1.875;-3.125;60.1297488828
297.0;1.875;-2.875;60.1290515068
298.0;1.875;-2.625;60.1298731138
299.0;1.875;-2.375;60.1297388012
300.0;1.875;-2.125;60.1297287971
301.0;1.875;-1.875;60.1297316594
302.0;1.875;-1.625;60.1297457384
303.0;1.875;-1.375;60.1296628738
304.0;1.875;-1.125;60.1298634097
305.0;1.875;-0.875;60.1272552135
306.0;1.875;-0.625;60.1455405971
307.0;1.875;-0.375;60.1239719382
308.0;1.875;-0.125;61.6918796165
309.0;2.125;-3.375;60.1394638192
310.0;2.125;-3.125;60.1295717571
311.0;2.125;-2.875;60.1292042087
312.0;2.125;-2.625;60.1298365142
313.0;2.125;-2.375;60.1297297689
314.0;2.125;-2.125;60.1297202323
315.0;2.125;-1.875;60.1297247598
316.0;2.125;-1.625;60.1297151761
317.0;2.125;-1.375;60.1298188964
318.0;2.125;-1.125;60.129610104
319.0;2.125;-0.875;60.1294986528
320.0;2.125;-0.625;60.1302570024
321.0;2.125;-0.375;60.1471047529
322.0;2.125;-0.125;59.9182273311
323.0;2.375;-3.375;60.1370986588
324.0;2.375;-3.125;60.1298807706
325.0;2.375;-2.875;60.129318223
326.0;2.375;-2.625;60.1298223169
327.0;2.375;-2.375;60.1297510667
328.0;2.375;-2.125;60.1297311341
329.0;2.375;-1.875;60.1297365497
330.0;2.375;-1.625;60.1297292635
331.0;2.375;-1.375;60.1297902305
332.0;2.375;-1.125;60.1296783438
333.0;2.375;-0.875;60.1287678234
334.0;2.375;-0.625;60.1350381785
335.0;2.375;-0.375;60.1279125065
336.0;2.375;-0.125;60.0606822561
337.0;2.625;-3.375;60.1349977465
338.0;2.625;-3.125;60.1298299887
339.0;2.625;-2.875;60.1294359046
340.0;2.625;-2.625;60.1298370895
341.0;2.625;-2.375;60.1298207829
342.0;2.625;-2.125;60.1298359638
343.0;2.625;-1.875;60.1298692718
344.0;2.625;-1.625;60.1299012196
345.0;2.625;-1.375;60.1299883375
346.0;2.625;-1.125;60.1299713206
347.0;2.625;-0.875;60.1296931823
348.0;2.625;-0.625;60.1321382185
349.0;2.625;-0.375;60.1301988762
350.0;2.625;-0.125;60.1008269276
351.0;2.875;-3.375;60.1328009315
352.0;2.875;-3.125;60.129684295
353.0;2.875;-2.875;60.1292933712
354.0;2.875;-2.625;60.1294347151
355.0;2.875;-2.375;60.1293160893
356.0;2.875;-2.125;60.1292029754
357.0;2.875;-1.875;60.1290477814
358.0;2.875;-1.625;60.1288982149
359.0;2.875;-1.375;60.1287776649
360.0;2.875;-1.125;60.1284880428
361.0;2.875;-0.875;60.1280755165
362.0;2.875;-0.625;60.1281989013
363.0;2.875;-0.375;60.1262862463
364.0;2.875;-0.125;60.1144192664
365.0;3.125;-3.375;60.1320849315
366.0;3.125;-3.125;60.1304067918
367.0;3.125;-2.875;60.1296862124
368.0;3.125;-2.625;60.1298305242
369.0;3.125;-2.375;60.1298806761
370.0;3.125;-2.125;60.1295720642
371.0;3.125;-1.875;60.129747112
372.0;3.125;-1.625;60.1296811676
373.0;3.125;-1.375;60.1293200351
374.0;3.125;-1.125;60.1297820928
375.0;3.125;-0.875;60.129642539
376.0;3.125;-0.625;60.1279445819
377.0;3.125;-0.375;60.1299396264
378.0;3.125;-0.125;60.1371648112
379.0;3.375;-3.375;60.1294220835
380.0;3.375;-3.125;60.1320973247
381.0;3.375;-2.875;60.1328080545
382.0;3.375;-2.625;60.1349975765
383.0;3.375;-2.375;60.1370928259
384.0;3.375;-2.125;60.1394526466
385.0;3.375;-1.875;60.141976937
386.0;3.375;-1.625;60.1448581251
387.0;3.375;-1.375;60.1480745542
388.0;3.375;-1.125;60.1518146227
389.0;3.375;-0.875;60.1596733208
390.0;3.375;-0.625;60.1647485754
391.0;3.375;-0.375;60.179999469
392.0;3.375;-0.125;60.3395572724
393.0;-3.375;0.125;60.3395572725
394.0;-3.375;0.375;60.179999469
395.0;-3.375;0.625;60.1647485754
396.0;-3.375;0.875;60.1596733208
397.0;-3.375;1.125;60.1518146227
398.0;-3.375;1.375;60.1480745542
399.0;-3.375;1.625;60.1448581251
400.0;-3.375;1.875;60.1419769369
401.0;-3.375;2.125;60.1394526467
402.0;-3.375;2.375;60.1370928259
403.0;-3.375;2.625;60.1349975765
404.0;-3.375;2.875;60.1328080543
405.0;-3.375;3.125;60.1320973247
406.0;-3.375;3.375;60.1294220835
407.0;-3.125;0.125;60.1371648112
408.0;-3.125;0.375;60.1299396264
409.0;-3.125;0.625;60.1279445818
410.0;-3.125;0.875;60.129642539
411.0;-3.125;1.125;60.1297820928
412.0;-3.125;1.375;60.129320035
413.0;-3.125;1.625;60.1296811676
414.0;-3.125;1.875;60.129747112
415.0;-3.125;2.125;60.1295720642
416.0;-3.125;2.375;60.1298806761
417.0;-3.125;2.625;60.1298305243
418.0;-3.125;2.875;60.1296862124
419.0;-3.125;3.125;60.1304067918
420.0;-3.125;3.375;60.1320849317
421.0;-2.875;0.125;60.1144192664
422.0;-2.875;0.375;60.1262862463
423.0;-2.875;0.625;60.1281989013
424.0;-2.875;0.875;60.1280755166
425.0;-2.875;1.125;60.1284880427
426.0;-2.875;1.375;60.1287776649
427.0;-2.875;1.625;60.1288982149
428.0;-2.875;1.875;60.1290477814
429.0;-2.875;2.125;60.1292029753
430.0;-2.875;2.375;60.1293160893
431.0;-2.875;2.625;60.1294347151
432.0;-2.875;2.875;60.1292933711
433.0;-2.875;3.125;60.1296842949
434.0;-2.875;3.375;60.1328009315
435.0;-2.625;0.125;60.1008269276
436.0;-2.625;0.375;60.1301988762
437.0;-2.625;0.625;60.1321382185
438.0;-2.625;0.875;60.1296931823
439.0;-2.625;1.125;60.1299713206
440.0;-2.625;1.375;60.1299883375
441.0;-2.625;1.625;60.1299012196
442.0;-2.625;1.875;60.1298692718
443.0;-2.625;2.125;60.1298359638
444.0;-2.625;2.375;60.1298207829
445.0;-2.625;2.625;60.1298370895
446.0;-2.625;2.875;60.1294359046
447.0;-2.625;3.125;60.1298299887
448.0;-2.625;3.375;60.1349977466
449.0;-2.375;0.125;60.0606822561
450.0;-2.375;0.375;60.1279125065
451.0;-2.375;0.625;60.1350381785
452.0;-2.375;0.875;60.1287678234
453.0;-2.375;1.125;60.1296783438
454.0;-2.375;1.375;60.1297902305
455.0;-2.375;1.625;60.1297292635
456.0;-2.375;1.875;60.1297365497
457.0;-2.375;2.125;60.1297311341
458.0;-2.375;2.375;60.1297510667
459.0;-2.375;2.625;60.1298223169
460.0;-2.375;2.875;60.129318223
461.0;-2.375;3.125;60.1298807707
462.0;-2.375;3.375;60.1370986588
463.0;-2.125;0.125;59.9182273311
464.0;-2.125;0.375;60.1471047529
465.0;-2.125;0.625;60.1302570024
466.0;-2.125;0.875;60.1294986528
467.0;-2.125;1.125;60.129610104
468.0;-2.125;1.375;60.1298188965
469.0;-2.125;1.625;60.129715176
470.0;-2.125;1.875;60.1297247598
471.0;-2.125;2.125;60.1297202323
472.0;-2.125;2.375;60.1297297689
473.0;-2.125;2.625;60.1298365142
474.0;-2.125;2.875;60.1292042087
475.0;-2.125;3.125;60.1295717571
476.0;-2.125;3.375;60.1394638192
477.0;-1.875;0.125;61.6918796165
478.0;-1.875;0.375;60.1239719382
479.0;-1.875;0.625;60.1455405971
480.0;-1.875;0.875;60.1272552134
481.0;-1.875;1.125;60.1298634097
482.0;-1.875;1.375;60.1296628738
483.0;-1.875;1.625;60.1297457384
484.0;-1.875;1.875;60.1297316595
485.0;-1.875;2.125;60.1297287971
486.0;-1.875;2.375;60.1297388012
487.0;-1.875;2.625;60.1298731138
488.0;-1.875;2.875;60.1290515068
489.0;-1.875;3.125;60.1297488828
490.0;-1.875;3.375;60.1419941816
491.0;-1.625;0.125;72.0569238137
492.0;-1.625;0.375;61.6639133646
493.0;-1.625;0.625;60.0654272304
494.0;-1.625;0.875;60.1474197831
495.0;-1.625;1.125;60.1286261342
496.0;-1.625;1.375;60.1304046709
497.0;-1.625;1.625;60.129690971
498.0;-1.625;1.875;60.1297462788
499.0;-1.625;2.125;60.1297197522
500.0;-1.625;2.375;60.1297320981
501.0;-1.625;2.625;60.1299057124
502.0;-1.625;2.875;60.1289022221
503.0;-1.625;3.125;60.1296835872
504.0;-1.625;3.375;60.1448815348
505.0;-1.375;0.125;92.0072905518
506.0;-1.375;0.375;72.0321136845
507.0;-1.375;0.625;61.7635413479
508.0;-1.375;0.875;60.0483093752
509.0;-1.375;1.125;60.1448588347
510.0;-1.375;1.375;60.1250174778
511.0;-1.375;1.625;60.130404259
512.0;-1.375;1.875;60.1296624163
513.0;-1.375;2.125;60.1298221136
514.0;-1.375;2.375;60.1297919584
515.0;-1.375;2.625;60.1299920354
516.0;-1.375;2.875;60.1287808288
517.0;-1.375;3.125;60.1293226737
518.0;-1.375;3.375;60.1481056832
519.0;-1.125;0.125;121.285326569
520.0;-1.125;0.375;91.9815992669
521.0;-1.125;0.625;72.0238282703
522.0;-1.125;0.875;61.685658626
523.0;-1.125;1.125;60.1292214033
524.0;-1.125;1.375;60.1448549994
525.0;-1.125;1.625;60.1286247707
526.0;-1.125;1.875;60.1298627576
527.0;-1.125;2.125;60.1296137087
528.0;-1.125;2.375;60.1296803852
529.0;-1.125;2.625;60.1299755421
530.0;-1.125;2.875;60.1284910439
531.0;-1.125;3.125;60.1297852008
532.0;-1.125;3.375;60.1518522206
533.0;-0.875;0.125;159.816177774
534.0;-0.875;0.375;121.254611712
535.0;-0.875;0.625;91.9708062819
536.0;-0.875;0.875;72.0455217019
537.0;-0.875;1.125;61.6856173091
538.0;-0.875;1.375;60.0482694677
539.0;-0.875;1.625;60.1473961506
540.0;-0.875;1.875;60.1272369282
541.0;-0.875;2.125;60.1294865921
542.0;-0.875;2.375;60.1287577487
543.0;-0.875;2.625;60.129686571
544.0;-0.875;2.875;60.1280679085
545.0;-0.875;3.125;60.1296364961
546.0;-0.875;3.375;60.1597111849
547.0;-0.625;0.125;207.356570697
548.0;-0.625;0.375;159.768757798
549.0;-0.625;0.625;121.245342361
550.0;-0.625;0.875;91.9714399302
551.0;-0.625;1.125;72.0241022645
552.0;-0.625;1.375;61.763712022
553.0;-0.625;1.625;60.0655604923
554.0;-0.625;1.875;60.1456462125
555.0;-0.625;2.125;60.1303436656
556.0;-0.625;2.375;60.1351145312
557.0;-0.625;2.625;60.1322064346
558.0;-0.625;2.875;60.1282576672
559.0;-0.625;3.125;60.1280078698
560.0;-0.625;3.375;60.164873675
561.0;-0.375;0.125;264.382588484
562.0;-0.375;0.375;207.42654812
563.0;-0.375;0.625;159.76899307
564.0;-0.375;0.875;121.254059895
565.0;-0.375;1.125;91.9813891902
566.0;-0.375;1.375;72.0321965391
567.0;-0.375;1.625;61.6638648557
568.0;-0.375;1.875;60.1239371554
569.0;-0.375;2.125;60.1471137098
570.0;-0.375;2.375;60.1278887407
571.0;-0.375;2.625;60.1301920984
572.0;-0.375;2.875;60.1262905064
573.0;-0.375;3.125;60.1299204359
574.0;-0.375;3.375;60.1800725201
575.0;-0.125;0.125;310.884780317
576.0;-0.125;0.375;264.334675943
577.0;-0.125;0.625;207.366623491
578.0;-0.125;0.875;159.804589634
579.0;-0.125;1.125;121.280851097
580.0;-0.125;1.375;92.0045361936
581.0;-0.125;1.625;72.0546686163
582.0;-0.125;1.875;61.6901314917
583.0;-0.125;2.125;59.9167758003
584.0;-0.125;2.375;60.0594756108
585.0;-0.125;2.625;60.0997600425
586.0;-0.125;2.875;60.1134516009
587.0;-0.125;3.125;60.1362455839
588.0;-0.125;3.375;60.3382478416
589.0;0.125;0.125;310.884780317
590.0;0.125;0.375;264.334675943
591.0;0.125;0.625;207.366623491
592.0;0.125;0.875;159.804589634
593.0;0.125;1.125;121.280851097
594.0;0.125;1.375;92.0045361936
595.0;0.125;1.625;72.0546686163
596.0;0.125;1.875;61.6901314917
597.0;0.125;2.125;59.9167758003
598.0;0.125;2.375;60.0594756108
599.0;0.125;2.625;60.0997600425
600.0;0.125;2.875;60.1134516009
601.0;0.125;3.125;60.1362455839
602.0;0.125;3.375;60.3382478416
603.0;0.375;0.125;264.382588484
604.0;0.375;0.375;207.42654812
605.0;0.375;0.625;159.76899307
606.0;0.375;0.875;121.254059895
607.0;0.375;1.125;91.9813891902
608.0;0.375;1.375;72.0321965391
609.0;0.375;1.625;61.6638648557
610.0;0.375;1.875;60.1239371554
611.0;0.375;2.125;60.1471137098
612.0;0.375;2.375;60.1278887407
613.0;0.375;2.625;60.1301920984
614.0;0.375;2.875;60.1262905064
615.0;0.375;3.125;60.1299204359
616.0;0.375;3.375;60.1800725201
617.0;0.625;0.125;207.356570697
618.0;0.625;0.375;159.768757798
619.0;0.625;0.625;121.245342361
620.0;0.625;0.875;91.9714399302
621.0;0.625;1.125;72.0241022645
622.0;0.625;1.375;61.763712022
623.0;0.625;1.625;60.0655604923
624.0;0.625;1.875;60.1456462125
625.0;0.625;2.125;60.1303436656
626.0;0.625;2.375;60.1351145312
627.0;0.625;2.625;60.1322064346
628.0;0.625;2.875;60.1282576672
629.0;0.625;3.125;60.1280078698
630.0;0.625;3.375;60.164873675
631.0;0.875;0.125;159.816177774
632.0;0.875;0.375;121.254611712
633.0;0.875;0.625;91.9708062819
634.0;0.875;0.875;72.0455217019
635.0;0.875;1.125;61.6856173091
636.0;0.875;1.375;60.0482694677
637.0;0.875;1.625;60.1473961506
638.0;0.875;1.875;60.1272369282
639.0;0.875;2.125;60.1294865921
640.0;0.875;2.375;60.1287577487
641.0;0.875;2.625;60.129686571
642.0;0.875;2.875;60.1280679085
643.0;0.875;3.125;60.1296364961
644.0;0.875;3.375;60.1597111849
645.0;1.125;0.125;121.285326569
646.0;1.125;0.375;91.9815992669
647.0;1.125;0.625;72.0238282703
648.0;1.125;0.875;61.685658626
649.0;1.125;1.125;60.1292214033
650.0;1.125;1.375;60.1448549994
651.0;1.125;1.625;60.1286247707
652.0;1.125;1.875;60.1298627576
653.0;1.125;2.125;60.1296137087
654.0;1.125;2.375;60.1296803852
655.0;1.125;2.625;60.1299755421
656.0;1.125;2.875;60.1284910438
657.0;1.125;3.125;60.1297852008
658.0;1.125;3.375;60.1518522205
659.0;1.375;0.125;92.0072905518
660.0;1.375;0.375;72.0321136845
661.0;1.375;0.625;61.7635413479
662.0;1.375;0.875;60.0483093752
663.0;1.375;1.125;60.1448588347
664.0;1.375;1.375;60.1250174777
665.0;1.375;1.625;60.130404259
666.0;1.375;1.875;60.1296624163
667.0;1.375;2.125;60.1298221136
668.0;1.375;2.375;60.1297919584
669.0;1.375;2.625;60.1299920354
670.0;1.375;2.875;60.1287808288
671.0;1.375;3.125;60.1293226737
672.0;1.375;3.375;60.1481056831
673.0;1.625;0.125;72.0569238137
674.0;1.625;0.375;61.6639133646
675.0;1.625;0.625;60.0654272304
676.0;1.625;0.875;60.1474197831
677.0;1.625;1.125;60.1286261342
678.0;1.625;1.375;60.1304046709
679.0;1.625;1.625;60.129690971
680.0;1.625;1.875;60.1297462788
681.0;1.625;2.125;60.1297197522
682.0;1.625;2.375;60.129732098
683.0;1.625;2.625;60.1299057124
684.0;1.625;2.875;60.1289022221
685.0;1.625;3.125;60.1296835872
686.0;1.625;3.375;60.1448815347
687.0;1.875;0.125;61.6918796165
688.0;1.875;0.375;60.1239719382
689.0;1.875;0.625;60.1455405971
690.0;1.875;0.875;60.1272552135
691.0;1.875;1.125;60.1298634097
692.0;1.875;1.375;60.1296628738
693.0;1.875;1.625;60.1297457384
694.0;1.875;1.875;60.1297316594
695.0;1.875;2.125;60.1297287971
696.0;1.875;2.375;60.1297388012
697.0;1.875;2.625;60.1298731138
698.0;1.875;2.875;60.1290515068
699.0;1.875;3.125;60.1297488828
700.0;1.875;3.375;60.1419941815
701.0;2.125;0.125;59.9182273311
702.0;2.125;0.375;60.1471047529
703.0;2.125;0.625;60.1302570024
704.0;2.125;0.875;60.1294986528
705.0;2.125;1.125;60.129610104
706.0;2.125;1.375;60.1298188964
707.0;2.125;1.625;60.129715176
708.0;2.125;1.875;60.1297247598
709.0;2.125;2.125;60.1297202323
710.0;2.125;2.375;60.1297297689
711.0;2.125;2.625;60.1298365142
712.0;2.125;2.875;60.1292042086
713.0;2.125;3.125;60.1295717571
714.0;2.125;3.375;60.1394638192
715.0;2.375;0.125;60.0606822561
716.0;2.375;0.375;60.1279125066
717.0;2.375;0.625;60.1350381785
718.0;2.375;0.875;60.1287678234
719.0;2.375;1.125;60.1296783438
720.0;2.375;1.375;60.1297902305
721.0;2.375;1.625;60.1297292635
722.0;2.375;1.875;60.1297365497
723.0;2.375;2.125;60.1297311341
724.0;2.375;2.375;60.1297510667
725.0;2.375;2.625;60.1298223169
726.0;2.375;2.875;60.129318223
727.0;2.375;3.125;60.1298807707
728.0;2.375;3.375;60.1370986588
729.0;2.625;0.125;60.1008269276
730.0;2.625;0.375;60.1301988762
731.0;2.625;0.625;60.1321382185
732.0;2.625;0.875;60.1296931823
733.0;2.625;1.125;60.1299713206
734.0;2.625;1.375;60.1299883375
735.0;2.625;1.625;60.1299012196
736.0;2.625;1.875;60.1298692718
737.0;2.625;2.125;60.1298359638
738.0;2.625;2.375;60.1298207829
739.0;2.625;2.625;60.1298370895
740.0;2.625;2.875;60.1294359046
741.0;2.625;3.125;60.1298299887
742.0;2.625;3.375;60.1349977465
743.0;2.875;0.125;60.1144192664
744.0;2.875;0.375;60.1262862463
745.0;2.875;0.625;60.1281989013
746.0;2.875;0.875;60.1280755165
747.0;2.875;1.125;60.1284880427
748.0;2.875;1.375;60.1287776649
749.0;2.875;1.625;60.1288982149
750.0;2.875;1.875;60.1290477814
751.0;2.875;2.125;60.1292029753
752.0;2.875;2.375;60.1293160894
753.0;2.875;2.625;60.1294347151
754.0;2.875;2.875;60.1292933712
755.0;2.875;3.125;60.1296842949
756.0;2.875;3.375;60.1328009315
757.0;3.125;0.125;60.1371648112
758.0;3.125;0.375;60.1299396264
759.0;3.125;0.625;60.1279445818
760.0;3.125;0.875;60.1296425391
761.0;3.125;1.125;60.1297820928
762.0;3.125;1.375;60.1293200351
763.0;3.125;1.625;60.1296811676
764.0;3.125;1.875;60.1297471119
765.0;3.125;2.125;60.1295720642
766.0;3.125;2.375;60.1298806761
767.0;3.125;2.625;60.1298305243
768.0;3.125;2.875;60.1296862125
769.0;3.125;3.125;60.1304067918
770.0;3.125;3.375;60.1320849315
771.0;3.375;0.125;60.3395572725
772.0;3.375;0.375;60.1799994692
773.0;3.375;0.625;60.1647485754
774.0;3.375;0.875;60.1596733208
775.0;3.375;1.125;60.1518146227
776.0;3.375;1.375;60.1480745541
777.0;3.375;1.625;60.1448581251
778.0;3.375;1.875;60.141976937
779.0;3.375;2.125;60.1394526467
780.0;3.375;2.375;60.1370928259
781.0;3.375;2.625;60.1349975765
782.0;3.375;2.875;60.1328080545
783.0;3.375;3.125;60.1320973247
784.0;3.375;3.375;60.1294220836
